Episode,Step,X,Y,Reward,Done
0,0,0,1,0.15,false
0,1,1,1,0.18,false
0,2,2,1,0.21,false
0,3,2,1,-0.008,false
0,4,2,0,0.18,false
0,5,1,0,0.15,false
0,6,1,1,0.18,false
0,7,1,0,0.15,false
0,8,2,0,0.18,false
0,9,3,0,0.21,false
0,10,4,0,0.24,false
0,11,4,0,-0.008,false
0,12,4,0,-0.008,false
0,13,3,0,0.21,false
0,14,4,0,0.24,false
0,15,3,0,0.21,false
0,16,3,0,-0.008,false
0,17,3,0,-0.008,false
0,18,4,0,0.24,false
0,19,3,0,0.21,false
0,20,3,0,-0.008,false
0,21,3,0,-0.008,false
0,22,2,0,0.18,false
0,23,1,0,0.15,false
0,24,1,1,0.18,false
0,25,1,1,-0.008,false
0,26,2,1,0.21,false
0,27,2,1,-0.008,false
0,28,2,1,-0.008,false
0,29,2,1,-0.008,false
0,30,2,1,-0.008,false
0,31,2,1,-0.008,false
0,32,2,1,-0.008,false
0,33,1,1,0.18,false
0,34,2,1,0.21,false
0,35,1,1,0.18,false
0,36,0,1,0.15,false
0,37,1,1,0.18,false
0,38,1,0,0.15,false
0,39,2,0,0.18,false
0,40,1,0,0.15,false
0,41,2,0,0.18,false
0,42,3,0,0.21,false
0,43,4,0,0.24,false
0,44,4,0,-0.008,false
0,45,3,0,0.21,false
0,46,4,0,0.24,false
0,47,3,0,0.21,false
0,48,3,0,-0.008,false
0,49,2,0,0.18,false
0,50,1,0,0.15,false
0,51,1,0,-0.008,false
0,52,2,0,0.18,false
0,53,3,0,0.21,false
0,54,4,0,0.24,false
0,55,4,0,-0.008,false
0,56,4,0,-0.008,false
0,57,4,0,-0.008,false
0,58,4,0,-0.008,false
0,59,4,1,0.27,false
0,60,4,0,0.24,false
0,61,4,1,0.27,false
0,62,4,0,0.24,false
0,63,4,0,-0.008,false
0,64,4,0,-0.008,false
0,65,4,1,0.27,false
0,66,4,0,0.24,false
0,67,3,0,0.21,false
0,68,4,0,0.24,false
0,69,4,0,-0.008,false
0,70,3,0,0.21,false
0,71,3,0,-0.008,false
0,72,3,0,-0.008,false
0,73,3,0,-0.008,false
0,74,3,0,-0.008,false
0,75,2,0,0.18,false
0,76,3,0,0.21,false
0,77,3,0,-0.008,false
0,78,3,0,-0.008,false
0,79,3,0,-0.008,false
0,80,4,0,0.24,false
0,81,4,0,-0.008,false
0,82,4,0,-0.008,false
0,83,4,1,0.27,false
0,84,4,1,-0.008,false
0,85,4,2,-0.15,false
0,86,3,2,0.27,false
0,87,4,2,-0.15,false
0,88,3,2,0.27,false
0,89,4,2,-0.15,false
0,90,4,2,-0.008,false
0,91,4,2,-0.008,false
0,92,4,2,-0.008,false
0,93,4,3,0.33,false
0,94,4,3,-0.008,false
0,95,3,3,-0.15,false
0,96,3,4,0.33,false
0,97,4,4,1,true
1,0,0,1,0.15,false
1,1,0,2,0.18,false
1,2,0,1,0.15,false
1,3,1,1,0.18,false
1,4,2,1,0.21,false
1,5,1,1,0.18,false
1,6,2,1,0.21,false
1,7,1,1,0.18,false
1,8,1,1,-0.008,false
1,9,2,1,0.21,false
1,10,2,1,-0.008,false
1,11,1,1,0.18,false
1,12,2,1,0.21,false
1,13,2,0,0.18,false
1,14,3,0,0.21,false
1,15,2,0,0.18,false
1,16,2,1,0.21,false
1,17,2,0,0.18,false
1,18,2,0,-0.008,false
1,19,3,0,0.21,false
1,20,4,0,0.24,false
1,21,3,0,0.21,false
1,22,4,0,0.24,false
1,23,4,0,-0.008,false
1,24,3,0,0.21,false
1,25,2,0,0.18,false
1,26,3,0,0.21,false
1,27,3,0,-0.008,false
1,28,4,0,0.24,false
1,29,4,0,-0.008,false
1,30,4,0,-0.008,false
1,31,4,0,-0.008,false
1,32,4,0,-0.008,false
1,33,3,0,0.21,false
1,34,4,0,0.24,false
1,35,4,0,-0.008,false
1,36,4,0,-0.008,false
1,37,4,0,-0.008,false
1,38,4,0,-0.008,false
1,39,4,0,-0.008,false
1,40,3,0,0.21,false
1,41,4,0,0.24,false
1,42,4,0,-0.008,false
1,43,4,0,-0.008,false
1,44,3,0,0.21,false
1,45,4,0,0.24,false
1,46,4,0,-0.008,false
1,47,4,1,0.27,false
1,48,4,1,-0.008,false
1,49,4,1,-0.008,false
1,50,4,2,-0.15,false
1,51,4,1,0.27,false
1,52,4,1,-0.008,false
1,53,4,1,-0.008,false
1,54,4,1,-0.008,false
1,55,4,2,-0.15,false
1,56,4,1,0.27,false
1,57,4,0,0.24,false
1,58,4,1,0.27,false
1,59,4,2,-0.15,false
1,60,4,2,-0.008,false
1,61,4,3,0.33,false
1,62,4,3,-0.008,false
1,63,3,3,-0.15,false
1,64,4,3,0.33,false
1,65,4,2,-0.15,false
1,66,4,2,-0.008,false
1,67,4,3,0.33,false
1,68,4,4,1,true
2,0,1,0,0.15,false
2,1,2,0,0.18,false
2,2,3,0,0.21,false
2,3,3,0,-0.008,false
2,4,4,0,0.24,false
2,5,4,0,-0.008,false
2,6,4,0,-0.008,false
2,7,4,0,-0.008,false
2,8,4,0,-0.008,false
2,9,4,0,-0.008,false
2,10,4,0,-0.008,false
2,11,3,0,0.21,false
2,12,2,0,0.18,false
2,13,3,0,0.21,false
2,14,3,0,-0.008,false
2,15,4,0,0.24,false
2,16,4,0,-0.008,false
2,17,4,0,-0.008,false
2,18,4,0,-0.008,false
2,19,4,1,0.27,false
2,20,4,1,-0.008,false
2,21,4,1,-0.008,false
2,22,4,2,-0.15,false
2,23,4,1,0.27,false
2,24,4,0,0.24,false
2,25,4,0,-0.008,false
2,26,3,0,0.21,false
2,27,3,0,-0.008,false
2,28,4,0,0.24,false
2,29,4,0,-0.008,false
2,30,4,0,-0.008,false
2,31,4,1,0.27,false
2,32,4,1,-0.008,false
2,33,4,0,0.24,false
2,34,4,0,-0.008,false
2,35,4,0,-0.008,false
2,36,4,1,0.27,false
2,37,4,2,-0.15,false
2,38,4,3,0.33,false
2,39,4,3,-0.008,false
2,40,4,3,-0.008,false
2,41,4,3,-0.008,false
2,42,4,2,-0.15,false
2,43,4,1,0.27,false
2,44,4,0,0.24,false
2,45,3,0,0.21,false
2,46,2,0,0.18,false
2,47,3,0,0.21,false
2,48,2,0,0.18,false
2,49,2,0,-0.008,false
2,50,2,0,-0.008,false
2,51,2,1,0.21,false
2,52,2,1,-0.008,false
2,53,2,1,-0.008,false
2,54,2,1,-0.008,false
2,55,2,1,-0.008,false
2,56,2,1,-0.008,false
2,57,2,0,0.18,false
2,58,2,1,0.21,false
2,59,1,1,0.18,false
2,60,2,1,0.21,false
2,61,2,1,-0.008,false
2,62,1,1,0.18,false
2,63,0,1,0.15,false
2,64,1,1,0.18,false
2,65,1,0,0.15,false
2,66,2,0,0.18,false
2,67,1,0,0.15,false
2,68,0,0,0.12,false
2,69,1,0,0.15,false
2,70,1,0,-0.008,false
2,71,0,0,0.12,false
2,72,1,0,0.15,false
2,73,1,1,0.18,false
2,74,1,1,-0.008,false
2,75,1,1,-0.008,false
2,76,1,1,-0.008,false
2,77,0,1,0.15,false
2,78,1,1,0.18,false
2,79,2,1,0.21,false
2,80,2,1,-0.008,false
2,81,2,0,0.18,false
2,82,1,0,0.15,false
2,83,2,0,0.18,false
2,84,3,0,0.21,false
2,85,4,0,0.24,false
2,86,4,1,0.27,false
2,87,4,0,0.24,false
2,88,4,1,0.27,false
2,89,4,1,-0.008,false
2,90,4,2,-0.15,false
2,91,4,2,-0.008,false
2,92,4,1,0.27,false
2,93,4,1,-0.008,false
2,94,4,1,-0.008,false
2,95,4,1,-0.008,false
2,96,4,1,-0.008,false
2,97,4,1,-0.008,false
2,98,4,1,-0.008,false
2,99,4,2,-0.15,false
3,0,0,0,-0.008,false
3,1,1,0,0.15,false
3,2,1,1,0.18,false
3,3,2,1,0.21,false
3,4,2,0,0.18,false
3,5,3,0,0.21,false
3,6,2,0,0.18,false
3,7,1,0,0.15,false
3,8,2,0,0.18,false
3,9,3,0,0.21,false
3,10,3,0,-0.008,false
3,11,4,0,0.24,false
3,12,3,0,0.21,false
3,13,4,0,0.24,false
3,14,4,0,-0.008,false
3,15,4,0,-0.008,false
3,16,4,1,0.27,false
3,17,4,1,-0.008,false
3,18,4,2,-0.15,false
3,19,4,1,0.27,false
3,20,4,1,-0.008,false
3,21,4,1,-0.008,false
3,22,4,1,-0.008,false
3,23,4,1,-0.008,false
3,24,4,1,-0.008,false
3,25,4,2,-0.15,false
3,26,3,2,0.27,false
3,27,4,2,-0.15,false
3,28,3,2,0.27,false
3,29,3,2,-0.008,false
3,30,3,2,-0.008,false
3,31,3,3,-0.15,false
3,32,4,3,0.33,false
3,33,4,3,-0.008,false
3,34,3,3,-0.15,false
3,35,3,2,0.27,false
3,36,4,2,-0.15,false
3,37,4,2,-0.008,false
3,38,4,1,0.27,false
3,39,4,1,-0.008,false
3,40,4,1,-0.008,false
3,41,4,1,-0.008,false
3,42,4,2,-0.15,false
3,43,4,3,0.33,false
3,44,4,4,1,true
4,0,1,0,0.15,false
4,1,0,0,0.12,false
4,2,0,1,0.15,false
4,3,1,1,0.18,false
4,4,0,1,0.15,false
4,5,1,1,0.18,false
4,6,2,1,0.21,false
4,7,2,1,-0.008,false
4,8,1,1,0.18,false
4,9,1,0,0.15,false
4,10,1,0,-0.008,false
4,11,2,0,0.18,false
4,12,2,0,-0.008,false
4,13,3,0,0.21,false
4,14,2,0,0.18,false
4,15,1,0,0.15,false
4,16,2,0,0.18,false
4,17,3,0,0.21,false
4,18,4,0,0.24,false
4,19,4,1,0.27,false
4,20,4,0,0.24,false
4,21,3,0,0.21,false
4,22,4,0,0.24,false
4,23,4,0,-0.008,false
4,24,4,1,0.27,false
4,25,4,2,-0.15,false
4,26,4,2,-0.008,false
4,27,4,2,-0.008,false
4,28,4,2,-0.008,false
4,29,4,2,-0.008,false
4,30,4,2,-0.008,false
4,31,4,1,0.27,false
4,32,4,1,-0.008,false
4,33,4,2,-0.15,false
4,34,4,2,-0.008,false
4,35,4,2,-0.008,false
4,36,3,2,0.27,false
4,37,4,2,-0.15,false
4,38,4,2,-0.008,false
4,39,4,2,-0.008,false
4,40,4,2,-0.008,false
4,41,4,2,-0.008,false
4,42,4,2,-0.008,false
4,43,4,1,0.27,false
4,44,4,1,-0.008,false
4,45,4,2,-0.15,false
4,46,4,3,0.33,false
4,47,3,3,-0.15,false
4,48,4,3,0.33,false
4,49,4,3,-0.008,false
4,50,4,2,-0.15,false
4,51,4,2,-0.008,false
4,52,4,2,-0.008,false
4,53,4,1,0.27,false
4,54,4,2,-0.15,false
4,55,4,2,-0.008,false
4,56,4,1,0.27,false
4,57,4,2,-0.15,false
4,58,4,2,-0.008,false
4,59,4,2,-0.008,false
4,60,4,2,-0.008,false
4,61,4,1,0.27,false
4,62,4,1,-0.008,false
4,63,4,1,-0.008,false
4,64,4,1,-0.008,false
4,65,4,1,-0.008,false
4,66,4,1,-0.008,false
4,67,4,1,-0.008,false
4,68,4,1,-0.008,false
4,69,4,1,-0.008,false
4,70,4,1,-0.008,false
4,71,4,1,-0.008,false
4,72,4,1,-0.008,false
4,73,4,1,-0.008,false
4,74,4,1,-0.008,false
4,75,4,1,-0.008,false
4,76,4,1,-0.008,false
4,77,4,2,-0.15,false
4,78,4,2,-0.008,false
4,79,4,2,-0.008,false
4,80,4,2,-0.008,false
4,81,4,2,-0.008,false
4,82,4,2,-0.008,false
4,83,4,2,-0.008,false
4,84,3,2,0.27,false
4,85,4,2,-0.15,false
4,86,4,2,-0.008,false
4,87,4,2,-0.008,false
4,88,4,2,-0.008,false
4,89,4,2,-0.008,false
4,90,4,1,0.27,false
4,91,4,1,-0.008,false
4,92,4,1,-0.008,false
4,93,4,1,-0.008,false
4,94,4,1,-0.008,false
4,95,4,1,-0.008,false
4,96,4,2,-0.15,false
4,97,4,2,-0.008,false
4,98,4,2,-0.008,false
4,99,4,2,-0.008,false
5,0,0,0,-0.008,false
5,1,0,1,0.15,false
5,2,1,1,0.18,false
5,3,2,1,0.21,false
5,4,2,1,-0.008,false
5,5,2,1,-0.008,false
5,6,2,1,-0.008,false
5,7,2,0,0.18,false
5,8,1,0,0.15,false
5,9,0,0,0.12,false
5,10,0,0,-0.008,false
5,11,0,1,0.15,false
5,12,1,1,0.18,false
5,13,0,1,0.15,false
5,14,1,1,0.18,false
5,15,2,1,0.21,false
5,16,1,1,0.18,false
5,17,1,1,-0.008,false
5,18,0,1,0.15,false
5,19,0,2,0.18,false
5,20,0,2,-0.008,false
5,21,0,2,-0.008,false
5,22,0,1,0.15,false
5,23,0,1,-0.008,false
5,24,1,1,0.18,false
5,25,2,1,0.21,false
5,26,2,1,-0.008,false
5,27,2,1,-0.008,false
5,28,2,1,-0.008,false
5,29,2,1,-0.008,false
5,30,2,0,0.18,false
5,31,3,0,0.21,false
5,32,4,0,0.24,false
5,33,4,0,-0.008,false
5,34,4,0,-0.008,false
5,35,4,0,-0.008,false
5,36,4,0,-0.008,false
5,37,4,0,-0.008,false
5,38,4,0,-0.008,false
5,39,4,0,-0.008,false
5,40,4,0,-0.008,false
5,41,4,0,-0.008,false
5,42,4,1,0.27,false
5,43,4,2,-0.15,false
5,44,4,2,-0.008,false
5,45,3,2,0.27,false
5,46,4,2,-0.15,false
5,47,4,2,-0.008,false
5,48,4,1,0.27,false
5,49,4,1,-0.008,false
5,50,4,1,-0.008,false
5,51,4,1,-0.008,false
5,52,4,0,0.24,false
5,53,4,1,0.27,false
5,54,4,1,-0.008,false
5,55,4,2,-0.15,false
5,56,4,2,-0.008,false
5,57,4,2,-0.008,false
5,58,4,2,-0.008,false
5,59,4,2,-0.008,false
5,60,4,2,-0.008,false
5,61,4,2,-0.008,false
5,62,4,2,-0.008,false
5,63,4,1,0.27,false
5,64,4,1,-0.008,false
5,65,4,2,-0.15,false
5,66,4,3,0.33,false
5,67,4,4,1,true
6,0,1,0,0.15,false
6,1,1,1,0.18,false
6,2,1,0,0.15,false
6,3,2,0,0.18,false
6,4,1,0,0.15,false
6,5,1,0,-0.008,false
6,6,1,0,-0.008,false
6,7,2,0,0.18,false
6,8,3,0,0.21,false
6,9,4,0,0.24,false
6,10,4,0,-0.008,false
6,11,4,0,-0.008,false
6,12,4,0,-0.008,false
6,13,4,0,-0.008,false
6,14,4,0,-0.008,false
6,15,3,0,0.21,false
6,16,4,0,0.24,false
6,17,4,0,-0.008,false
6,18,4,0,-0.008,false
6,19,4,0,-0.008,false
6,20,3,0,0.21,false
6,21,2,0,0.18,false
6,22,3,0,0.21,false
6,23,2,0,0.18,false
6,24,3,0,0.21,false
6,25,4,0,0.24,false
6,26,3,0,0.21,false
6,27,4,0,0.24,false
6,28,4,0,-0.008,false
6,29,3,0,0.21,false
6,30,3,0,-0.008,false
6,31,3,0,-0.008,false
6,32,2,0,0.18,false
6,33,3,0,0.21,false
6,34,3,0,-0.008,false
6,35,4,0,0.24,false
6,36,4,0,-0.008,false
6,37,4,0,-0.008,false
6,38,4,0,-0.008,false
6,39,4,0,-0.008,false
6,40,4,0,-0.008,false
6,41,4,0,-0.008,false
6,42,4,0,-0.008,false
6,43,4,0,-0.008,false
6,44,4,1,0.27,false
6,45,4,0,0.24,false
6,46,3,0,0.21,false
6,47,4,0,0.24,false
6,48,4,0,-0.008,false
6,49,4,0,-0.008,false
6,50,4,1,0.27,false
6,51,4,1,-0.008,false
6,52,4,1,-0.008,false
6,53,4,1,-0.008,false
6,54,4,1,-0.008,false
6,55,4,1,-0.008,false
6,56,4,1,-0.008,false
6,57,4,2,-0.15,false
6,58,4,2,-0.008,false
6,59,4,2,-0.008,false
6,60,4,1,0.27,false
6,61,4,2,-0.15,false
6,62,4,2,-0.008,false
6,63,4,1,0.27,false
6,64,4,1,-0.008,false
6,65,4,2,-0.15,false
6,66,4,1,0.27,false
6,67,4,1,-0.008,false
6,68,4,0,0.24,false
6,69,4,0,-0.008,false
6,70,4,0,-0.008,false
6,71,4,0,-0.008,false
6,72,4,0,-0.008,false
6,73,4,0,-0.008,false
6,74,4,0,-0.008,false
6,75,4,0,-0.008,false
6,76,4,0,-0.008,false
6,77,4,1,0.27,false
6,78,4,1,-0.008,false
6,79,4,1,-0.008,false
6,80,4,1,-0.008,false
6,81,4,1,-0.008,false
6,82,4,1,-0.008,false
6,83,4,1,-0.008,false
6,84,4,1,-0.008,false
6,85,4,1,-0.008,false
6,86,4,1,-0.008,false
6,87,4,1,-0.008,false
6,88,4,1,-0.008,false
6,89,4,1,-0.008,false
6,90,4,1,-0.008,false
6,91,4,1,-0.008,false
6,92,4,1,-0.008,false
6,93,4,1,-0.008,false
6,94,4,1,-0.008,false
6,95,4,1,-0.008,false
6,96,4,1,-0.008,false
6,97,4,1,-0.008,false
6,98,4,1,-0.008,false
6,99,4,1,-0.008,false
7,0,0,0,-0.008,false
7,1,0,0,-0.008,false
7,2,1,0,0.15,false
7,3,2,0,0.18,false
7,4,2,1,0.21,false
7,5,2,0,0.18,false
7,6,2,1,0.21,false
7,7,2,0,0.18,false
7,8,3,0,0.21,false
7,9,3,0,-0.008,false
7,10,4,0,0.24,false
7,11,4,0,-0.008,false
7,12,4,0,-0.008,false
7,13,4,1,0.27,false
7,14,4,1,-0.008,false
7,15,4,0,0.24,false
7,16,4,0,-0.008,false
7,17,4,0,-0.008,false
7,18,3,0,0.21,false
7,19,2,0,0.18,false
7,20,3,0,0.21,false
7,21,4,0,0.24,false
7,22,4,0,-0.008,false
7,23,4,0,-0.008,false
7,24,4,1,0.27,false
7,25,4,1,-0.008,false
7,26,4,2,-0.15,false
7,27,4,1,0.27,false
7,28,4,1,-0.008,false
7,29,4,1,-0.008,false
7,30,4,1,-0.008,false
7,31,4,1,-0.008,false
7,32,4,1,-0.008,false
7,33,4,1,-0.008,false
7,34,4,1,-0.008,false
7,35,4,1,-0.008,false
7,36,4,2,-0.15,false
7,37,4,2,-0.008,false
7,38,4,2,-0.008,false
7,39,4,2,-0.008,false
7,40,4,2,-0.008,false
7,41,4,2,-0.008,false
7,42,4,2,-0.008,false
7,43,3,2,0.27,false
7,44,4,2,-0.15,false
7,45,4,2,-0.008,false
7,46,4,1,0.27,false
7,47,4,0,0.24,false
7,48,4,0,-0.008,false
7,49,4,0,-0.008,false
7,50,4,0,-0.008,false
7,51,4,0,-0.008,false
7,52,4,0,-0.008,false
7,53,4,0,-0.008,false
7,54,3,0,0.21,false
7,55,4,0,0.24,false
7,56,4,0,-0.008,false
7,57,4,0,-0.008,false
7,58,4,0,-0.008,false
7,59,4,0,-0.008,false
7,60,4,0,-0.008,false
7,61,4,1,0.27,false
7,62,4,1,-0.008,false
7,63,4,0,0.24,false
7,64,4,1,0.27,false
7,65,4,1,-0.008,false
7,66,4,1,-0.008,false
7,67,4,1,-0.008,false
7,68,4,1,-0.008,false
7,69,4,1,-0.008,false
7,70,4,1,-0.008,false
7,71,4,1,-0.008,false
7,72,4,1,-0.008,false
7,73,4,1,-0.008,false
7,74,4,1,-0.008,false
7,75,4,1,-0.008,false
7,76,4,1,-0.008,false
7,77,4,1,-0.008,false
7,78,4,2,-0.15,false
7,79,4,2,-0.008,false
7,80,4,2,-0.008,false
7,81,3,2,0.27,false
7,82,4,2,-0.15,false
7,83,4,2,-0.008,false
7,84,4,2,-0.008,false
7,85,4,1,0.27,false
7,86,4,1,-0.008,false
7,87,4,0,0.24,false
7,88,4,0,-0.008,false
7,89,4,0,-0.008,false
7,90,4,1,0.27,false
7,91,4,1,-0.008,false
7,92,4,1,-0.008,false
7,93,4,1,-0.008,false
7,94,4,1,-0.008,false
7,95,4,1,-0.008,false
7,96,4,1,-0.008,false
7,97,4,1,-0.008,false
7,98,4,1,-0.008,false
7,99,4,1,-0.008,false
8,0,0,0,-0.008,false
8,1,1,0,0.15,false
8,2,0,0,0.12,false
8,3,1,0,0.15,false
8,4,2,0,0.18,false
8,5,3,0,0.21,false
8,6,4,0,0.24,false
8,7,4,0,-0.008,false
8,8,4,1,0.27,false
8,9,4,1,-0.008,false
8,10,4,1,-0.008,false
8,11,4,0,0.24,false
8,12,4,0,-0.008,false
8,13,4,0,-0.008,false
8,14,4,0,-0.008,false
8,15,4,0,-0.008,false
8,16,4,1,0.27,false
8,17,4,1,-0.008,false
8,18,4,1,-0.008,false
8,19,4,1,-0.008,false
8,20,4,1,-0.008,false
8,21,4,1,-0.008,false
8,22,4,1,-0.008,false
8,23,4,1,-0.008,false
8,24,4,1,-0.008,false
8,25,4,1,-0.008,false
8,26,4,0,0.24,false
8,27,4,1,0.27,false
8,28,4,1,-0.008,false
8,29,4,1,-0.008,false
8,30,4,1,-0.008,false
8,31,4,1,-0.008,false
8,32,4,1,-0.008,false
8,33,4,0,0.24,false
8,34,4,0,-0.008,false
8,35,3,0,0.21,false
8,36,2,0,0.18,false
8,37,1,0,0.15,false
8,38,2,0,0.18,false
8,39,3,0,0.21,false
8,40,4,0,0.24,false
8,41,4,0,-0.008,false
8,42,3,0,0.21,false
8,43,4,0,0.24,false
8,44,4,0,-0.008,false
8,45,4,0,-0.008,false
8,46,4,0,-0.008,false
8,47,4,0,-0.008,false
8,48,4,0,-0.008,false
8,49,4,1,0.27,false
8,50,4,0,0.24,false
8,51,3,0,0.21,false
8,52,4,0,0.24,false
8,53,4,0,-0.008,false
8,54,4,0,-0.008,false
8,55,4,0,-0.008,false
8,56,4,0,-0.008,false
8,57,4,0,-0.008,false
8,58,4,0,-0.008,false
8,59,4,1,0.27,false
8,60,4,1,-0.008,false
8,61,4,1,-0.008,false
8,62,4,1,-0.008,false
8,63,4,1,-0.008,false
8,64,4,1,-0.008,false
8,65,4,1,-0.008,false
8,66,4,0,0.24,false
8,67,3,0,0.21,false
8,68,4,0,0.24,false
8,69,4,0,-0.008,false
8,70,4,0,-0.008,false
8,71,4,0,-0.008,false
8,72,4,0,-0.008,false
8,73,4,0,-0.008,false
8,74,4,1,0.27,false
8,75,4,1,-0.008,false
8,76,4,1,-0.008,false
8,77,4,1,-0.008,false
8,78,4,2,-0.15,false
8,79,4,2,-0.008,false
8,80,4,3,0.33,false
8,81,4,3,-0.008,false
8,82,4,3,-0.008,false
8,83,4,3,-0.008,false
8,84,4,2,-0.15,false
8,85,4,3,0.33,false
8,86,4,3,-0.008,false
8,87,4,4,1,true
9,0,1,0,0.15,false
9,1,2,0,0.18,false
9,2,3,0,0.21,false
9,3,4,0,0.24,false
9,4,4,0,-0.008,false
9,5,4,0,-0.008,false
9,6,4,0,-0.008,false
9,7,4,1,0.27,false
9,8,4,1,-0.008,false
9,9,4,1,-0.008,false
9,10,4,1,-0.008,false
9,11,4,1,-0.008,false
9,12,4,1,-0.008,false
9,13,4,1,-0.008,false
9,14,4,1,-0.008,false
9,15,4,1,-0.008,false
9,16,4,2,-0.15,false
9,17,4,3,0.33,false
9,18,4,3,-0.008,false
9,19,4,4,1,true
10,0,1,0,0.15,false
10,1,2,0,0.18,false
10,2,2,1,0.21,false
10,3,2,1,-0.008,false
10,4,2,1,-0.008,false
10,5,2,1,-0.008,false
10,6,1,1,0.18,false
10,7,2,1,0.21,false
10,8,2,1,-0.008,false
10,9,2,1,-0.008,false
10,10,2,0,0.18,false
10,11,3,0,0.21,false
10,12,3,0,-0.008,false
10,13,4,0,0.24,false
10,14,4,1,0.27,false
10,15,4,2,-0.15,false
10,16,4,2,-0.008,false
10,17,4,2,-0.008,false
10,18,4,3,0.33,false
10,19,4,4,1,true
11,0,1,0,0.15,false
11,1,2,0,0.18,false
11,2,3,0,0.21,false
11,3,2,0,0.18,false
11,4,3,0,0.21,false
11,5,4,0,0.24,false
11,6,4,0,-0.008,false
11,7,4,0,-0.008,false
11,8,4,0,-0.008,false
11,9,4,1,0.27,false
11,10,4,1,-0.008,false
11,11,4,0,0.24,false
11,12,4,0,-0.008,false
11,13,4,0,-0.008,false
11,14,3,0,0.21,false
11,15,3,0,-0.008,false
11,16,4,0,0.24,false
11,17,4,0,-0.008,false
11,18,4,0,-0.008,false
11,19,3,0,0.21,false
11,20,4,0,0.24,false
11,21,4,0,-0.008,false
11,22,4,0,-0.008,false
11,23,4,0,-0.008,false
11,24,4,0,-0.008,false
11,25,4,0,-0.008,false
11,26,3,0,0.21,false
11,27,2,0,0.18,false
11,28,3,0,0.21,false
11,29,4,0,0.24,false
11,30,4,0,-0.008,false
11,31,3,0,0.21,false
11,32,3,0,-0.008,false
11,33,2,0,0.18,false
11,34,3,0,0.21,false
11,35,4,0,0.24,false
11,36,4,0,-0.008,false
11,37,4,1,0.27,false
11,38,4,0,0.24,false
11,39,4,1,0.27,false
11,40,4,1,-0.008,false
11,41,4,1,-0.008,false
11,42,4,2,-0.15,false
11,43,3,2,0.27,false
11,44,3,2,-0.008,false
11,45,4,2,-0.15,false
11,46,4,2,-0.008,false
11,47,3,2,0.27,false
11,48,3,3,-0.15,false
11,49,4,3,0.33,false
11,50,4,3,-0.008,false
11,51,3,3,-0.15,false
11,52,4,3,0.33,false
11,53,3,3,-0.15,false
11,54,3,2,0.27,false
11,55,4,2,-0.15,false
11,56,4,2,-0.008,false
11,57,4,1,0.27,false
11,58,4,1,-0.008,false
11,59,4,1,-0.008,false
11,60,4,1,-0.008,false
11,61,4,0,0.24,false
11,62,4,0,-0.008,false
11,63,3,0,0.21,false
11,64,4,0,0.24,false
11,65,4,0,-0.008,false
11,66,4,0,-0.008,false
11,67,3,0,0.21,false
11,68,4,0,0.24,false
11,69,4,0,-0.008,false
11,70,4,0,-0.008,false
11,71,4,0,-0.008,false
11,72,4,0,-0.008,false
11,73,4,1,0.27,false
11,74,4,1,-0.008,false
11,75,4,0,0.24,false
11,76,4,1,0.27,false
11,77,4,0,0.24,false
11,78,3,0,0.21,false
11,79,2,0,0.18,false
11,80,1,0,0.15,false
11,81,1,1,0.18,false
11,82,2,1,0.21,false
11,83,2,1,-0.008,false
11,84,2,1,-0.008,false
11,85,2,1,-0.008,false
11,86,2,1,-0.008,false
11,87,2,1,-0.008,false
11,88,2,1,-0.008,false
11,89,2,1,-0.008,false
11,90,1,1,0.18,false
11,91,1,0,0.15,false
11,92,2,0,0.18,false
11,93,3,0,0.21,false
11,94,3,0,-0.008,false
11,95,3,0,-0.008,false
11,96,2,0,0.18,false
11,97,1,0,0.15,false
11,98,2,0,0.18,false
11,99,3,0,0.21,false
12,0,1,0,0.15,false
12,1,2,0,0.18,false
12,2,3,0,0.21,false
12,3,4,0,0.24,false
12,4,4,0,-0.008,false
12,5,4,0,-0.008,false
12,6,4,0,-0.008,false
12,7,4,0,-0.008,false
12,8,4,0,-0.008,false
12,9,3,0,0.21,false
12,10,4,0,0.24,false
12,11,3,0,0.21,false
12,12,4,0,0.24,false
12,13,4,0,-0.008,false
12,14,4,0,-0.008,false
12,15,3,0,0.21,false
12,16,3,0,-0.008,false
12,17,4,0,0.24,false
12,18,4,0,-0.008,false
12,19,4,1,0.27,false
12,20,4,1,-0.008,false
12,21,4,0,0.24,false
12,22,4,0,-0.008,false
12,23,4,0,-0.008,false
12,24,3,0,0.21,false
12,25,3,0,-0.008,false
12,26,2,0,0.18,false
12,27,3,0,0.21,false
12,28,4,0,0.24,false
12,29,4,0,-0.008,false
12,30,4,0,-0.008,false
12,31,3,0,0.21,false
12,32,3,0,-0.008,false
12,33,2,0,0.18,false
12,34,2,1,0.21,false
12,35,2,1,-0.008,false
12,36,2,1,-0.008,false
12,37,2,1,-0.008,false
12,38,2,1,-0.008,false
12,39,2,1,-0.008,false
12,40,2,1,-0.008,false
12,41,2,1,-0.008,false
12,42,2,1,-0.008,false
12,43,2,1,-0.008,false
12,44,2,0,0.18,false
12,45,3,0,0.21,false
12,46,4,0,0.24,false
12,47,4,0,-0.008,false
12,48,4,1,0.27,false
12,49,4,1,-0.008,false
12,50,4,0,0.24,false
12,51,4,0,-0.008,false
12,52,4,1,0.27,false
12,53,4,0,0.24,false
12,54,4,0,-0.008,false
12,55,3,0,0.21,false
12,56,2,0,0.18,false
12,57,3,0,0.21,false
12,58,4,0,0.24,false
12,59,3,0,0.21,false
12,60,4,0,0.24,false
12,61,3,0,0.21,false
12,62,4,0,0.24,false
12,63,3,0,0.21,false
12,64,4,0,0.24,false
12,65,3,0,0.21,false
12,66,3,0,-0.008,false
12,67,4,0,0.24,false
12,68,4,0,-0.008,false
12,69,4,0,-0.008,false
12,70,4,0,-0.008,false
12,71,4,0,-0.008,false
12,72,4,0,-0.008,false
12,73,4,0,-0.008,false
12,74,4,0,-0.008,false
12,75,4,0,-0.008,false
12,76,4,0,-0.008,false
12,77,4,0,-0.008,false
12,78,4,0,-0.008,false
12,79,4,0,-0.008,false
12,80,4,1,0.27,false
12,81,4,1,-0.008,false
12,82,4,1,-0.008,false
12,83,4,1,-0.008,false
12,84,4,0,0.24,false
12,85,4,0,-0.008,false
12,86,4,1,0.27,false
12,87,4,1,-0.008,false
12,88,4,1,-0.008,false
12,89,4,1,-0.008,false
12,90,4,1,-0.008,false
12,91,4,2,-0.15,false
12,92,4,2,-0.008,false
12,93,4,2,-0.008,false
12,94,4,1,0.27,false
12,95,4,1,-0.008,false
12,96,4,1,-0.008,false
12,97,4,1,-0.008,false
12,98,4,0,0.24,false
12,99,3,0,0.21,false
13,0,1,0,0.15,false
13,1,2,0,0.18,false
13,2,3,0,0.21,false
13,3,4,0,0.24,false
13,4,4,0,-0.008,false
13,5,4,0,-0.008,false
13,6,4,0,-0.008,false
13,7,4,0,-0.008,false
13,8,4,0,-0.008,false
13,9,4,0,-0.008,false
13,10,4,0,-0.008,false
13,11,4,0,-0.008,false
13,12,4,0,-0.008,false
13,13,4,0,-0.008,false
13,14,4,0,-0.008,false
13,15,4,0,-0.008,false
13,16,4,0,-0.008,false
13,17,4,0,-0.008,false
13,18,4,0,-0.008,false
13,19,4,0,-0.008,false
13,20,4,0,-0.008,false
13,21,4,0,-0.008,false
13,22,4,0,-0.008,false
13,23,4,0,-0.008,false
13,24,4,0,-0.008,false
13,25,4,0,-0.008,false
13,26,4,0,-0.008,false
13,27,4,0,-0.008,false
13,28,4,0,-0.008,false
13,29,4,0,-0.008,false
13,30,3,0,0.21,false
13,31,4,0,0.24,false
13,32,4,0,-0.008,false
13,33,4,0,-0.008,false
13,34,4,0,-0.008,false
13,35,4,0,-0.008,false
13,36,3,0,0.21,false
13,37,4,0,0.24,false
13,38,4,0,-0.008,false
13,39,4,0,-0.008,false
13,40,4,1,0.27,false
13,41,4,1,-0.008,false
13,42,4,1,-0.008,false
13,43,4,0,0.24,false
13,44,4,0,-0.008,false
13,45,4,0,-0.008,false
13,46,4,0,-0.008,false
13,47,4,1,0.27,false
13,48,4,1,-0.008,false
13,49,4,1,-0.008,false
13,50,4,1,-0.008,false
13,51,4,1,-0.008,false
13,52,4,2,-0.15,false
13,53,4,2,-0.008,false
13,54,3,2,0.27,false
13,55,3,3,-0.15,false
13,56,3,4,0.33,false
13,57,4,4,1,true
14,0,1,0,0.15,false
14,1,2,0,0.18,false
14,2,3,0,0.21,false
14,3,4,0,0.24,false
14,4,4,1,0.27,false
14,5,4,1,-0.008,false
14,6,4,2,-0.15,false
14,7,4,2,-0.008,false
14,8,4,2,-0.008,false
14,9,4,1,0.27,false
14,10,4,1,-0.008,false
14,11,4,1,-0.008,false
14,12,4,2,-0.15,false
14,13,4,2,-0.008,false
14,14,4,2,-0.008,false
14,15,4,2,-0.008,false
14,16,4,2,-0.008,false
14,17,4,2,-0.008,false
14,18,4,2,-0.008,false
14,19,3,2,0.27,false
14,20,4,2,-0.15,false
14,21,4,3,0.33,false
14,22,4,3,-0.008,false
14,23,3,3,-0.15,false
14,24,4,3,0.33,false
14,25,4,3,-0.008,false
14,26,3,3,-0.15,false
14,27,2,3,-0.15,false
14,28,2,4,0.3,false
14,29,3,4,0.33,false
14,30,3,3,-0.15,false
14,31,2,3,-0.15,false
14,32,3,3,-0.15,false
14,33,3,2,0.27,false
14,34,4,2,-0.15,false
14,35,4,2,-0.008,false
14,36,4,2,-0.008,false
14,37,4,2,-0.008,false
14,38,4,2,-0.008,false
14,39,4,2,-0.008,false
14,40,4,3,0.33,false
14,41,4,3,-0.008,false
14,42,4,3,-0.008,false
14,43,4,3,-0.008,false
14,44,4,4,1,true
15,0,1,0,0.15,false
15,1,2,0,0.18,false
15,2,2,1,0.21,false
15,3,2,1,-0.008,false
15,4,2,1,-0.008,false
15,5,2,1,-0.008,false
15,6,2,1,-0.008,false
15,7,2,1,-0.008,false
15,8,2,0,0.18,false
15,9,3,0,0.21,false
15,10,2,0,0.18,false
15,11,1,0,0.15,false
15,12,2,0,0.18,false
15,13,3,0,0.21,false
15,14,2,0,0.18,false
15,15,1,0,0.15,false
15,16,2,0,0.18,false
15,17,3,0,0.21,false
15,18,3,0,-0.008,false
15,19,4,0,0.24,false
15,20,4,0,-0.008,false
15,21,4,0,-0.008,false
15,22,4,0,-0.008,false
15,23,4,0,-0.008,false
15,24,4,1,0.27,false
15,25,4,0,0.24,false
15,26,4,1,0.27,false
15,27,4,0,0.24,false
15,28,4,0,-0.008,false
15,29,4,0,-0.008,false
15,30,3,0,0.21,false
15,31,3,0,-0.008,false
15,32,3,0,-0.008,false
15,33,4,0,0.24,false
15,34,4,1,0.27,false
15,35,4,1,-0.008,false
15,36,4,0,0.24,false
15,37,4,0,-0.008,false
15,38,4,0,-0.008,false
15,39,3,0,0.21,false
15,40,4,0,0.24,false
15,41,4,0,-0.008,false
15,42,4,0,-0.008,false
15,43,4,0,-0.008,false
15,44,4,0,-0.008,false
15,45,4,1,0.27,false
15,46,4,2,-0.15,false
15,47,4,2,-0.008,false
15,48,3,2,0.27,false
15,49,3,3,-0.15,false
15,50,3,4,0.33,false
15,51,3,3,-0.15,false
15,52,4,3,0.33,false
15,53,4,3,-0.008,false
15,54,4,3,-0.008,false
15,55,4,3,-0.008,false
15,56,4,3,-0.008,false
15,57,4,2,-0.15,false
15,58,4,2,-0.008,false
15,59,3,2,0.27,false
15,60,4,2,-0.15,false
15,61,4,1,0.27,false
15,62,4,1,-0.008,false
15,63,4,1,-0.008,false
15,64,4,1,-0.008,false
15,65,4,1,-0.008,false
15,66,4,1,-0.008,false
15,67,4,0,0.24,false
15,68,4,0,-0.008,false
15,69,4,0,-0.008,false
15,70,4,1,0.27,false
15,71,4,1,-0.008,false
15,72,4,1,-0.008,false
15,73,4,0,0.24,false
15,74,4,1,0.27,false
15,75,4,1,-0.008,false
15,76,4,1,-0.008,false
15,77,4,1,-0.008,false
15,78,4,1,-0.008,false
15,79,4,1,-0.008,false
15,80,4,1,-0.008,false
15,81,4,1,-0.008,false
15,82,4,1,-0.008,false
15,83,4,1,-0.008,false
15,84,4,2,-0.15,false
15,85,3,2,0.27,false
15,86,4,2,-0.15,false
15,87,4,2,-0.008,false
15,88,4,2,-0.008,false
15,89,4,2,-0.008,false
15,90,4,2,-0.008,false
15,91,4,2,-0.008,false
15,92,4,1,0.27,false
15,93,4,1,-0.008,false
15,94,4,0,0.24,false
15,95,3,0,0.21,false
15,96,3,0,-0.008,false
15,97,4,0,0.24,false
15,98,4,1,0.27,false
15,99,4,1,-0.008,false
16,0,1,0,0.15,false
16,1,2,0,0.18,false
16,2,3,0,0.21,false
16,3,3,0,-0.008,false
16,4,4,0,0.24,false
16,5,4,0,-0.008,false
16,6,4,0,-0.008,false
16,7,4,0,-0.008,false
16,8,4,0,-0.008,false
16,9,4,0,-0.008,false
16,10,4,0,-0.008,false
16,11,4,0,-0.008,false
16,12,4,0,-0.008,false
16,13,4,0,-0.008,false
16,14,4,0,-0.008,false
16,15,4,0,-0.008,false
16,16,4,0,-0.008,false
16,17,4,0,-0.008,false
16,18,4,0,-0.008,false
16,19,4,0,-0.008,false
16,20,4,0,-0.008,false
16,21,4,0,-0.008,false
16,22,4,1,0.27,false
16,23,4,1,-0.008,false
16,24,4,2,-0.15,false
16,25,4,1,0.27,false
16,26,4,1,-0.008,false
16,27,4,1,-0.008,false
16,28,4,2,-0.15,false
16,29,4,2,-0.008,false
16,30,3,2,0.27,false
16,31,3,2,-0.008,false
16,32,4,2,-0.15,false
16,33,4,2,-0.008,false
16,34,4,2,-0.008,false
16,35,4,2,-0.008,false
16,36,4,2,-0.008,false
16,37,4,2,-0.008,false
16,38,4,2,-0.008,false
16,39,4,2,-0.008,false
16,40,4,1,0.27,false
16,41,4,1,-0.008,false
16,42,4,1,-0.008,false
16,43,4,1,-0.008,false
16,44,4,0,0.24,false
16,45,4,1,0.27,false
16,46,4,1,-0.008,false
16,47,4,1,-0.008,false
16,48,4,1,-0.008,false
16,49,4,1,-0.008,false
16,50,4,1,-0.008,false
16,51,4,1,-0.008,false
16,52,4,1,-0.008,false
16,53,4,1,-0.008,false
16,54,4,2,-0.15,false
16,55,4,2,-0.008,false
16,56,4,2,-0.008,false
16,57,3,2,0.27,false
16,58,4,2,-0.15,false
16,59,4,2,-0.008,false
16,60,4,2,-0.008,false
16,61,4,2,-0.008,false
16,62,4,2,-0.008,false
16,63,4,1,0.27,false
16,64,4,1,-0.008,false
16,65,4,1,-0.008,false
16,66,4,1,-0.008,false
16,67,4,1,-0.008,false
16,68,4,1,-0.008,false
16,69,4,1,-0.008,false
16,70,4,0,0.24,false
16,71,4,1,0.27,false
16,72,4,1,-0.008,false
16,73,4,1,-0.008,false
16,74,4,1,-0.008,false
16,75,4,1,-0.008,false
16,76,4,1,-0.008,false
16,77,4,2,-0.15,false
16,78,4,2,-0.008,false
16,79,4,1,0.27,false
16,80,4,0,0.24,false
16,81,4,0,-0.008,false
16,82,4,1,0.27,false
16,83,4,1,-0.008,false
16,84,4,1,-0.008,false
16,85,4,0,0.24,false
16,86,4,0,-0.008,false
16,87,4,0,-0.008,false
16,88,4,0,-0.008,false
16,89,4,0,-0.008,false
16,90,4,0,-0.008,false
16,91,4,0,-0.008,false
16,92,4,0,-0.008,false
16,93,4,0,-0.008,false
16,94,3,0,0.21,false
16,95,2,0,0.18,false
16,96,3,0,0.21,false
16,97,4,0,0.24,false
16,98,4,0,-0.008,false
16,99,4,0,-0.008,false
17,0,1,0,0.15,false
17,1,0,0,0.12,false
17,2,1,0,0.15,false
17,3,1,0,-0.008,false
17,4,2,0,0.18,false
17,5,3,0,0.21,false
17,6,3,0,-0.008,false
17,7,4,0,0.24,false
17,8,4,0,-0.008,false
17,9,3,0,0.21,false
17,10,3,0,-0.008,false
17,11,3,0,-0.008,false
17,12,4,0,0.24,false
17,13,4,0,-0.008,false
17,14,4,0,-0.008,false
17,15,4,0,-0.008,false
17,16,4,0,-0.008,false
17,17,4,0,-0.008,false
17,18,4,0,-0.008,false
17,19,4,0,-0.008,false
17,20,4,0,-0.008,false
17,21,4,1,0.27,false
17,22,4,0,0.24,false
17,23,4,0,-0.008,false
17,24,4,0,-0.008,false
17,25,4,1,0.27,false
17,26,4,1,-0.008,false
17,27,4,0,0.24,false
17,28,4,0,-0.008,false
17,29,4,0,-0.008,false
17,30,4,0,-0.008,false
17,31,4,0,-0.008,false
17,32,4,0,-0.008,false
17,33,4,1,0.27,false
17,34,4,1,-0.008,false
17,35,4,1,-0.008,false
17,36,4,1,-0.008,false
17,37,4,1,-0.008,false
17,38,4,1,-0.008,false
17,39,4,1,-0.008,false
17,40,4,1,-0.008,false
17,41,4,1,-0.008,false
17,42,4,2,-0.15,false
17,43,4,2,-0.008,false
17,44,4,3,0.33,false
17,45,4,3,-0.008,false
17,46,4,3,-0.008,false
17,47,4,3,-0.008,false
17,48,4,3,-0.008,false
17,49,4,3,-0.008,false
17,50,4,3,-0.008,false
17,51,4,3,-0.008,false
17,52,4,4,1,true
18,0,1,0,0.15,false
18,1,1,0,-0.008,false
18,2,2,0,0.18,false
18,3,3,0,0.21,false
18,4,4,0,0.24,false
18,5,3,0,0.21,false
18,6,4,0,0.24,false
18,7,4,0,-0.008,false
18,8,4,0,-0.008,false
18,9,3,0,0.21,false
18,10,4,0,0.24,false
18,11,4,0,-0.008,false
18,12,3,0,0.21,false
18,13,4,0,0.24,false
18,14,3,0,0.21,false
18,15,2,0,0.18,false
18,16,1,0,0.15,false
18,17,1,0,-0.008,false
18,18,2,0,0.18,false
18,19,1,0,0.15,false
18,20,2,0,0.18,false
18,21,2,1,0.21,false
18,22,2,1,-0.008,false
18,23,1,1,0.18,false
18,24,2,1,0.21,false
18,25,2,1,-0.008,false
18,26,2,1,-0.008,false
18,27,2,1,-0.008,false
18,28,2,1,-0.008,false
18,29,2,1,-0.008,false
18,30,2,1,-0.008,false
18,31,2,1,-0.008,false
18,32,2,1,-0.008,false
18,33,2,0,0.18,false
18,34,3,0,0.21,false
18,35,4,0,0.24,false
18,36,4,0,-0.008,false
18,37,4,0,-0.008,false
18,38,3,0,0.21,false
18,39,4,0,0.24,false
18,40,3,0,0.21,false
18,41,2,0,0.18,false
18,42,1,0,0.15,false
18,43,1,0,-0.008,false
18,44,2,0,0.18,false
18,45,3,0,0.21,false
18,46,3,0,-0.008,false
18,47,3,0,-0.008,false
18,48,4,0,0.24,false
18,49,4,0,-0.008,false
18,50,4,0,-0.008,false
18,51,4,0,-0.008,false
18,52,4,0,-0.008,false
18,53,4,0,-0.008,false
18,54,4,0,-0.008,false
18,55,4,0,-0.008,false
18,56,4,0,-0.008,false
18,57,4,0,-0.008,false
18,58,4,0,-0.008,false
18,59,4,0,-0.008,false
18,60,4,0,-0.008,false
18,61,4,0,-0.008,false
18,62,4,0,-0.008,false
18,63,4,0,-0.008,false
18,64,4,0,-0.008,false
18,65,4,0,-0.008,false
18,66,4,0,-0.008,false
18,67,4,0,-0.008,false
18,68,4,0,-0.008,false
18,69,4,0,-0.008,false
18,70,4,0,-0.008,false
18,71,4,0,-0.008,false
18,72,4,0,-0.008,false
18,73,4,0,-0.008,false
18,74,4,0,-0.008,false
18,75,4,0,-0.008,false
18,76,4,0,-0.008,false
18,77,4,0,-0.008,false
18,78,4,0,-0.008,false
18,79,3,0,0.21,false
18,80,3,0,-0.008,false
18,81,3,0,-0.008,false
18,82,3,0,-0.008,false
18,83,3,0,-0.008,false
18,84,3,0,-0.008,false
18,85,4,0,0.24,false
18,86,4,0,-0.008,false
18,87,4,0,-0.008,false
18,88,4,0,-0.008,false
18,89,3,0,0.21,false
18,90,4,0,0.24,false
18,91,4,0,-0.008,false
18,92,3,0,0.21,false
18,93,4,0,0.24,false
18,94,4,0,-0.008,false
18,95,4,0,-0.008,false
18,96,4,0,-0.008,false
18,97,4,0,-0.008,false
18,98,4,0,-0.008,false
18,99,4,0,-0.008,false
19,0,0,0,-0.008,false
19,1,0,0,-0.008,false
19,2,1,0,0.15,false
19,3,2,0,0.18,false
19,4,3,0,0.21,false
19,5,4,0,0.24,false
19,6,4,0,-0.008,false
19,7,4,0,-0.008,false
19,8,4,0,-0.008,false
19,9,4,1,0.27,false
19,10,4,1,-0.008,false
19,11,4,1,-0.008,false
19,12,4,1,-0.008,false
19,13,4,1,-0.008,false
19,14,4,0,0.24,false
19,15,3,0,0.21,false
19,16,4,0,0.24,false
19,17,4,0,-0.008,false
19,18,4,0,-0.008,false
19,19,4,0,-0.008,false
19,20,4,0,-0.008,false
19,21,4,1,0.27,false
19,22,4,1,-0.008,false
19,23,4,0,0.24,false
19,24,4,1,0.27,false
19,25,4,1,-0.008,false
19,26,4,0,0.24,false
19,27,3,0,0.21,false
19,28,4,0,0.24,false
19,29,3,0,0.21,false
19,30,4,0,0.24,false
19,31,4,0,-0.008,false
19,32,3,0,0.21,false
19,33,4,0,0.24,false
19,34,4,0,-0.008,false
19,35,4,0,-0.008,false
19,36,4,0,-0.008,false
19,37,4,0,-0.008,false
19,38,4,0,-0.008,false
19,39,4,0,-0.008,false
19,40,3,0,0.21,false
19,41,4,0,0.24,false
19,42,4,0,-0.008,false
19,43,4,0,-0.008,false
19,44,4,0,-0.008,false
19,45,4,0,-0.008,false
19,46,4,0,-0.008,false
19,47,4,0,-0.008,false
19,48,4,0,-0.008,false
19,49,4,0,-0.008,false
19,50,3,0,0.21,false
19,51,3,0,-0.008,false
19,52,4,0,0.24,false
19,53,4,0,-0.008,false
19,54,4,0,-0.008,false
19,55,4,1,0.27,false
19,56,4,1,-0.008,false
19,57,4,1,-0.008,false
19,58,4,1,-0.008,false
19,59,4,1,-0.008,false
19,60,4,1,-0.008,false
19,61,4,1,-0.008,false
19,62,4,1,-0.008,false
19,63,4,1,-0.008,false
19,64,4,1,-0.008,false
19,65,4,1,-0.008,false
19,66,4,2,-0.15,false
19,67,4,2,-0.008,false
19,68,4,2,-0.008,false
19,69,4,2,-0.008,false
19,70,4,2,-0.008,false
19,71,4,2,-0.008,false
19,72,4,2,-0.008,false
19,73,4,2,-0.008,false
19,74,4,2,-0.008,false
19,75,4,2,-0.008,false
19,76,3,2,0.27,false
19,77,3,3,-0.15,false
19,78,3,2,0.27,false
19,79,3,3,-0.15,false
19,80,4,3,0.33,false
19,81,4,3,-0.008,false
19,82,4,3,-0.008,false
19,83,4,3,-0.008,false
19,84,4,3,-0.008,false
19,85,4,3,-0.008,false
19,86,4,4,1,true
20,0,1,0,0.15,false
20,1,2,0,0.18,false
20,2,3,0,0.21,false
20,3,4,0,0.24,false
20,4,4,0,-0.008,false
20,5,4,0,-0.008,false
20,6,4,0,-0.008,false
20,7,4,0,-0.008,false
20,8,4,0,-0.008,false
20,9,4,0,-0.008,false
20,10,4,0,-0.008,false
20,11,4,0,-0.008,false
20,12,4,0,-0.008,false
20,13,4,1,0.27,false
20,14,4,1,-0.008,false
20,15,4,2,-0.15,false
20,16,4,2,-0.008,false
20,17,4,2,-0.008,false
20,18,4,2,-0.008,false
20,19,4,1,0.27,false
20,20,4,1,-0.008,false
20,21,4,1,-0.008,false
20,22,4,1,-0.008,false
20,23,4,1,-0.008,false
20,24,4,1,-0.008,false
20,25,4,1,-0.008,false
20,26,4,0,0.24,false
20,27,4,0,-0.008,false
20,28,4,0,-0.008,false
20,29,4,0,-0.008,false
20,30,4,1,0.27,false
20,31,4,1,-0.008,false
20,32,4,1,-0.008,false
20,33,4,1,-0.008,false
20,34,4,1,-0.008,false
20,35,4,1,-0.008,false
20,36,4,1,-0.008,false
20,37,4,0,0.24,false
20,38,4,0,-0.008,false
20,39,4,0,-0.008,false
20,40,4,0,-0.008,false
20,41,4,0,-0.008,false
20,42,4,0,-0.008,false
20,43,4,0,-0.008,false
20,44,4,0,-0.008,false
20,45,4,0,-0.008,false
20,46,4,1,0.27,false
20,47,4,1,-0.008,false
20,48,4,1,-0.008,false
20,49,4,1,-0.008,false
20,50,4,1,-0.008,false
20,51,4,1,-0.008,false
20,52,4,1,-0.008,false
20,53,4,1,-0.008,false
20,54,4,0,0.24,false
20,55,4,0,-0.008,false
20,56,4,0,-0.008,false
20,57,4,1,0.27,false
20,58,4,1,-0.008,false
20,59,4,2,-0.15,false
20,60,4,2,-0.008,false
20,61,4,2,-0.008,false
20,62,4,2,-0.008,false
20,63,4,2,-0.008,false
20,64,4,2,-0.008,false
20,65,3,2,0.27,false
20,66,3,2,-0.008,false
20,67,4,2,-0.15,false
20,68,4,3,0.33,false
20,69,4,3,-0.008,false
20,70,4,2,-0.15,false
20,71,4,2,-0.008,false
20,72,4,1,0.27,false
20,73,4,1,-0.008,false
20,74,4,1,-0.008,false
20,75,4,1,-0.008,false
20,76,4,1,-0.008,false
20,77,4,0,0.24,false
20,78,4,1,0.27,false
20,79,4,1,-0.008,false
20,80,4,1,-0.008,false
20,81,4,1,-0.008,false
20,82,4,1,-0.008,false
20,83,4,1,-0.008,false
20,84,4,1,-0.008,false
20,85,4,1,-0.008,false
20,86,4,1,-0.008,false
20,87,4,0,0.24,false
20,88,4,1,0.27,false
20,89,4,1,-0.008,false
20,90,4,1,-0.008,false
20,91,4,1,-0.008,false
20,92,4,1,-0.008,false
20,93,4,2,-0.15,false
20,94,4,1,0.27,false
20,95,4,2,-0.15,false
20,96,4,2,-0.008,false
20,97,4,2,-0.008,false
20,98,4,2,-0.008,false
20,99,4,2,-0.008,false
21,0,1,0,0.15,false
21,1,2,0,0.18,false
21,2,3,0,0.21,false
21,3,2,0,0.18,false
21,4,1,0,0.15,false
21,5,2,0,0.18,false
21,6,3,0,0.21,false
21,7,4,0,0.24,false
21,8,3,0,0.21,false
21,9,2,0,0.18,false
21,10,3,0,0.21,false
21,11,3,0,-0.008,false
21,12,4,0,0.24,false
21,13,4,0,-0.008,false
21,14,4,0,-0.008,false
21,15,4,0,-0.008,false
21,16,4,1,0.27,false
21,17,4,1,-0.008,false
21,18,4,1,-0.008,false
21,19,4,0,0.24,false
21,20,4,0,-0.008,false
21,21,4,0,-0.008,false
21,22,4,0,-0.008,false
21,23,4,0,-0.008,false
21,24,4,0,-0.008,false
21,25,4,1,0.27,false
21,26,4,1,-0.008,false
21,27,4,1,-0.008,false
21,28,4,0,0.24,false
21,29,4,0,-0.008,false
21,30,4,0,-0.008,false
21,31,4,0,-0.008,false
21,32,4,0,-0.008,false
21,33,4,0,-0.008,false
21,34,3,0,0.21,false
21,35,4,0,0.24,false
21,36,4,0,-0.008,false
21,37,4,0,-0.008,false
21,38,4,0,-0.008,false
21,39,4,0,-0.008,false
21,40,4,0,-0.008,false
21,41,4,0,-0.008,false
21,42,4,0,-0.008,false
21,43,4,0,-0.008,false
21,44,4,0,-0.008,false
21,45,4,1,0.27,false
21,46,4,1,-0.008,false
21,47,4,1,-0.008,false
21,48,4,1,-0.008,false
21,49,4,1,-0.008,false
21,50,4,1,-0.008,false
21,51,4,1,-0.008,false
21,52,4,0,0.24,false
21,53,4,0,-0.008,false
21,54,4,0,-0.008,false
21,55,4,0,-0.008,false
21,56,4,0,-0.008,false
21,57,4,0,-0.008,false
21,58,4,0,-0.008,false
21,59,4,0,-0.008,false
21,60,4,1,0.27,false
21,61,4,1,-0.008,false
21,62,4,1,-0.008,false
21,63,4,1,-0.008,false
21,64,4,2,-0.15,false
21,65,4,2,-0.008,false
21,66,4,2,-0.008,false
21,67,4,2,-0.008,false
21,68,4,3,0.33,false
21,69,4,4,1,true
22,0,1,0,0.15,false
22,1,2,0,0.18,false
22,2,3,0,0.21,false
22,3,4,0,0.24,false
22,4,4,0,-0.008,false
22,5,3,0,0.21,false
22,6,3,0,-0.008,false
22,7,4,0,0.24,false
22,8,4,0,-0.008,false
22,9,4,0,-0.008,false
22,10,4,0,-0.008,false
22,11,3,0,0.21,false
22,12,4,0,0.24,false
22,13,4,0,-0.008,false
22,14,4,0,-0.008,false
22,15,4,0,-0.008,false
22,16,4,0,-0.008,false
22,17,4,0,-0.008,false
22,18,4,0,-0.008,false
22,19,4,0,-0.008,false
22,20,4,0,-0.008,false
22,21,4,0,-0.008,false
22,22,4,0,-0.008,false
22,23,4,0,-0.008,false
22,24,4,0,-0.008,false
22,25,4,0,-0.008,false
22,26,4,0,-0.008,false
22,27,4,0,-0.008,false
22,28,4,0,-0.008,false
22,29,4,0,-0.008,false
22,30,4,0,-0.008,false
22,31,4,0,-0.008,false
22,32,4,0,-0.008,false
22,33,3,0,0.21,false
22,34,4,0,0.24,false
22,35,4,1,0.27,false
22,36,4,1,-0.008,false
22,37,4,1,-0.008,false
22,38,4,2,-0.15,false
22,39,4,1,0.27,false
22,40,4,1,-0.008,false
22,41,4,1,-0.008,false
22,42,4,1,-0.008,false
22,43,4,0,0.24,false
22,44,4,0,-0.008,false
22,45,4,0,-0.008,false
22,46,4,0,-0.008,false
22,47,4,0,-0.008,false
22,48,4,0,-0.008,false
22,49,4,0,-0.008,false
22,50,4,0,-0.008,false
22,51,4,0,-0.008,false
22,52,4,0,-0.008,false
22,53,4,0,-0.008,false
22,54,3,0,0.21,false
22,55,4,0,0.24,false
22,56,4,0,-0.008,false
22,57,4,0,-0.008,false
22,58,4,0,-0.008,false
22,59,4,1,0.27,false
22,60,4,1,-0.008,false
22,61,4,1,-0.008,false
22,62,4,1,-0.008,false
22,63,4,1,-0.008,false
22,64,4,1,-0.008,false
22,65,4,1,-0.008,false
22,66,4,1,-0.008,false
22,67,4,2,-0.15,false
22,68,4,2,-0.008,false
22,69,4,2,-0.008,false
22,70,4,2,-0.008,false
22,71,4,2,-0.008,false
22,72,4,2,-0.008,false
22,73,4,3,0.33,false
22,74,4,3,-0.008,false
22,75,4,4,1,true
23,0,1,0,0.15,false
23,1,1,1,0.18,false
23,2,2,1,0.21,false
23,3,2,1,-0.008,false
23,4,2,0,0.18,false
23,5,3,0,0.21,false
23,6,4,0,0.24,false
23,7,4,0,-0.008,false
23,8,4,0,-0.008,false
23,9,4,0,-0.008,false
23,10,4,0,-0.008,false
23,11,4,1,0.27,false
23,12,4,0,0.24,false
23,13,4,0,-0.008,false
23,14,4,1,0.27,false
23,15,4,1,-0.008,false
23,16,4,1,-0.008,false
23,17,4,0,0.24,false
23,18,4,0,-0.008,false
23,19,4,1,0.27,false
23,20,4,1,-0.008,false
23,21,4,0,0.24,false
23,22,4,0,-0.008,false
23,23,3,0,0.21,false
23,24,2,0,0.18,false
23,25,3,0,0.21,false
23,26,3,0,-0.008,false
23,27,4,0,0.24,false
23,28,4,0,-0.008,false
23,29,4,0,-0.008,false
23,30,3,0,0.21,false
23,31,4,0,0.24,false
23,32,4,0,-0.008,false
23,33,4,0,-0.008,false
23,34,4,0,-0.008,false
23,35,3,0,0.21,false
23,36,3,0,-0.008,false
23,37,4,0,0.24,false
23,38,4,0,-0.008,false
23,39,4,0,-0.008,false
23,40,4,1,0.27,false
23,41,4,1,-0.008,false
23,42,4,1,-0.008,false
23,43,4,1,-0.008,false
23,44,4,1,-0.008,false
23,45,4,1,-0.008,false
23,46,4,1,-0.008,false
23,47,4,1,-0.008,false
23,48,4,1,-0.008,false
23,49,4,0,0.24,false
23,50,4,0,-0.008,false
23,51,4,0,-0.008,false
23,52,4,0,-0.008,false
23,53,4,0,-0.008,false
23,54,4,0,-0.008,false
23,55,4,0,-0.008,false
23,56,4,0,-0.008,false
23,57,4,0,-0.008,false
23,58,4,0,-0.008,false
23,59,4,0,-0.008,false
23,60,4,1,0.27,false
23,61,4,1,-0.008,false
23,62,4,1,-0.008,false
23,63,4,1,-0.008,false
23,64,4,1,-0.008,false
23,65,4,1,-0.008,false
23,66,4,1,-0.008,false
23,67,4,0,0.24,false
23,68,4,1,0.27,false
23,69,4,1,-0.008,false
23,70,4,1,-0.008,false
23,71,4,1,-0.008,false
23,72,4,1,-0.008,false
23,73,4,1,-0.008,false
23,74,4,1,-0.008,false
23,75,4,1,-0.008,false
23,76,4,1,-0.008,false
23,77,4,1,-0.008,false
23,78,4,1,-0.008,false
23,79,4,1,-0.008,false
23,80,4,1,-0.008,false
23,81,4,1,-0.008,false
23,82,4,0,0.24,false
23,83,3,0,0.21,false
23,84,3,0,-0.008,false
23,85,4,0,0.24,false
23,86,3,0,0.21,false
23,87,4,0,0.24,false
23,88,4,0,-0.008,false
23,89,4,0,-0.008,false
23,90,4,0,-0.008,false
23,91,4,0,-0.008,false
23,92,4,0,-0.008,false
23,93,4,0,-0.008,false
23,94,4,0,-0.008,false
23,95,3,0,0.21,false
23,96,4,0,0.24,false
23,97,3,0,0.21,false
23,98,4,0,0.24,false
23,99,4,0,-0.008,false
24,0,0,1,0.15,false
24,1,0,0,0.12,false
24,2,1,0,0.15,false
24,3,0,0,0.12,false
24,4,1,0,0.15,false
24,5,2,0,0.18,false
24,6,2,0,-0.008,false
24,7,2,1,0.21,false
24,8,1,1,0.18,false
24,9,2,1,0.21,false
24,10,2,1,-0.008,false
24,11,1,1,0.18,false
24,12,1,1,-0.008,false
24,13,1,1,-0.008,false
24,14,2,1,0.21,false
24,15,2,1,-0.008,false
24,16,2,1,-0.008,false
24,17,2,1,-0.008,false
24,18,2,1,-0.008,false
24,19,2,1,-0.008,false
24,20,2,0,0.18,false
24,21,3,0,0.21,false
24,22,4,0,0.24,false
24,23,4,1,0.27,false
24,24,4,2,-0.15,false
24,25,4,3,0.33,false
24,26,4,3,-0.008,false
24,27,4,3,-0.008,false
24,28,4,3,-0.008,false
24,29,4,3,-0.008,false
24,30,4,3,-0.008,false
24,31,4,3,-0.008,false
24,32,4,4,1,true
25,0,1,0,0.15,false
25,1,1,1,0.18,false
25,2,2,1,0.21,false
25,3,2,1,-0.008,false
25,4,2,1,-0.008,false
25,5,2,1,-0.008,false
25,6,2,1,-0.008,false
25,7,2,1,-0.008,false
25,8,1,1,0.18,false
25,9,2,1,0.21,false
25,10,2,1,-0.008,false
25,11,2,1,-0.008,false
25,12,2,1,-0.008,false
25,13,1,1,0.18,false
25,14,2,1,0.21,false
25,15,2,1,-0.008,false
25,16,2,0,0.18,false
25,17,3,0,0.21,false
25,18,3,0,-0.008,false
25,19,4,0,0.24,false
25,20,4,0,-0.008,false
25,21,4,0,-0.008,false
25,22,4,0,-0.008,false
25,23,4,0,-0.008,false
25,24,4,0,-0.008,false
25,25,4,0,-0.008,false
25,26,4,0,-0.008,false
25,27,4,0,-0.008,false
25,28,4,0,-0.008,false
25,29,4,0,-0.008,false
25,30,4,0,-0.008,false
25,31,4,0,-0.008,false
25,32,4,1,0.27,false
25,33,4,1,-0.008,false
25,34,4,1,-0.008,false
25,35,4,2,-0.15,false
25,36,4,3,0.33,false
25,37,4,3,-0.008,false
25,38,4,3,-0.008,false
25,39,4,2,-0.15,false
25,40,4,3,0.33,false
25,41,4,3,-0.008,false
25,42,4,3,-0.008,false
25,43,4,3,-0.008,false
25,44,4,4,1,true
26,0,1,0,0.15,false
26,1,2,0,0.18,false
26,2,2,1,0.21,false
26,3,2,1,-0.008,false
26,4,2,1,-0.008,false
26,5,1,1,0.18,false
26,6,2,1,0.21,false
26,7,2,1,-0.008,false
26,8,2,1,-0.008,false
26,9,1,1,0.18,false
26,10,1,1,-0.008,false
26,11,0,1,0.15,false
26,12,1,1,0.18,false
26,13,2,1,0.21,false
26,14,2,1,-0.008,false
26,15,1,1,0.18,false
26,16,2,1,0.21,false
26,17,2,1,-0.008,false
26,18,2,1,-0.008,false
26,19,2,1,-0.008,false
26,20,2,1,-0.008,false
26,21,2,0,0.18,false
26,22,3,0,0.21,false
26,23,4,0,0.24,false
26,24,4,1,0.27,false
26,25,4,1,-0.008,false
26,26,4,1,-0.008,false
26,27,4,1,-0.008,false
26,28,4,1,-0.008,false
26,29,4,1,-0.008,false
26,30,4,1,-0.008,false
26,31,4,1,-0.008,false
26,32,4,1,-0.008,false
26,33,4,1,-0.008,false
26,34,4,1,-0.008,false
26,35,4,1,-0.008,false
26,36,4,1,-0.008,false
26,37,4,1,-0.008,false
26,38,4,1,-0.008,false
26,39,4,1,-0.008,false
26,40,4,2,-0.15,false
26,41,4,2,-0.008,false
26,42,4,2,-0.008,false
26,43,3,2,0.27,false
26,44,4,2,-0.15,false
26,45,4,2,-0.008,false
26,46,4,2,-0.008,false
26,47,4,2,-0.008,false
26,48,4,2,-0.008,false
26,49,4,3,0.33,false
26,50,4,3,-0.008,false
26,51,4,2,-0.15,false
26,52,4,2,-0.008,false
26,53,3,2,0.27,false
26,54,4,2,-0.15,false
26,55,4,2,-0.008,false
26,56,4,1,0.27,false
26,57,4,1,-0.008,false
26,58,4,1,-0.008,false
26,59,4,1,-0.008,false
26,60,4,1,-0.008,false
26,61,4,1,-0.008,false
26,62,4,1,-0.008,false
26,63,4,1,-0.008,false
26,64,4,0,0.24,false
26,65,4,0,-0.008,false
26,66,4,0,-0.008,false
26,67,4,1,0.27,false
26,68,4,1,-0.008,false
26,69,4,1,-0.008,false
26,70,4,0,0.24,false
26,71,3,0,0.21,false
26,72,3,0,-0.008,false
26,73,4,0,0.24,false
26,74,3,0,0.21,false
26,75,4,0,0.24,false
26,76,4,0,-0.008,false
26,77,4,0,-0.008,false
26,78,4,0,-0.008,false
26,79,4,1,0.27,false
26,80,4,1,-0.008,false
26,81,4,1,-0.008,false
26,82,4,1,-0.008,false
26,83,4,2,-0.15,false
26,84,4,2,-0.008,false
26,85,4,2,-0.008,false
26,86,4,1,0.27,false
26,87,4,1,-0.008,false
26,88,4,2,-0.15,false
26,89,4,2,-0.008,false
26,90,4,3,0.33,false
26,91,4,2,-0.15,false
26,92,4,2,-0.008,false
26,93,4,2,-0.008,false
26,94,4,2,-0.008,false
26,95,4,2,-0.008,false
26,96,4,1,0.27,false
26,97,4,1,-0.008,false
26,98,4,2,-0.15,false
26,99,4,2,-0.008,false
27,0,0,1,0.15,false
27,1,0,2,0.18,false
27,2,0,2,-0.008,false
27,3,0,2,-0.008,false
27,4,0,2,-0.008,false
27,5,0,2,-0.008,false
27,6,0,2,-0.008,false
27,7,0,2,-0.008,false
27,8,0,2,-0.008,false
27,9,0,3,0.21,false
27,10,1,3,0.24,false
27,11,1,4,0.27,false
27,12,1,3,0.24,false
27,13,2,3,-0.15,false
27,14,3,3,-0.15,false
27,15,4,3,0.33,false
27,16,4,3,-0.008,false
27,17,4,4,1,true
28,0,1,0,0.15,false
28,1,2,0,0.18,false
28,2,3,0,0.21,false
28,3,4,0,0.24,false
28,4,4,0,-0.008,false
28,5,4,0,-0.008,false
28,6,4,0,-0.008,false
28,7,4,0,-0.008,false
28,8,4,1,0.27,false
28,9,4,1,-0.008,false
28,10,4,1,-0.008,false
28,11,4,1,-0.008,false
28,12,4,0,0.24,false
28,13,4,0,-0.008,false
28,14,4,0,-0.008,false
28,15,4,0,-0.008,false
28,16,3,0,0.21,false
28,17,4,0,0.24,false
28,18,4,1,0.27,false
28,19,4,0,0.24,false
28,20,4,0,-0.008,false
28,21,4,0,-0.008,false
28,22,4,1,0.27,false
28,23,4,1,-0.008,false
28,24,4,1,-0.008,false
28,25,4,1,-0.008,false
28,26,4,1,-0.008,false
28,27,4,1,-0.008,false
28,28,4,1,-0.008,false
28,29,4,1,-0.008,false
28,30,4,1,-0.008,false
28,31,4,1,-0.008,false
28,32,4,1,-0.008,false
28,33,4,1,-0.008,false
28,34,4,1,-0.008,false
28,35,4,1,-0.008,false
28,36,4,2,-0.15,false
28,37,4,2,-0.008,false
28,38,4,2,-0.008,false
28,39,4,1,0.27,false
28,40,4,1,-0.008,false
28,41,4,2,-0.15,false
28,42,3,2,0.27,false
28,43,4,2,-0.15,false
28,44,4,1,0.27,false
28,45,4,1,-0.008,false
28,46,4,1,-0.008,false
28,47,4,0,0.24,false
28,48,4,0,-0.008,false
28,49,4,0,-0.008,false
28,50,4,0,-0.008,false
28,51,4,0,-0.008,false
28,52,3,0,0.21,false
28,53,3,0,-0.008,false
28,54,2,0,0.18,false
28,55,2,0,-0.008,false
28,56,3,0,0.21,false
28,57,4,0,0.24,false
28,58,3,0,0.21,false
28,59,4,0,0.24,false
28,60,4,0,-0.008,false
28,61,4,0,-0.008,false
28,62,4,0,-0.008,false
28,63,4,0,-0.008,false
28,64,3,0,0.21,false
28,65,3,0,-0.008,false
28,66,4,0,0.24,false
28,67,4,0,-0.008,false
28,68,4,0,-0.008,false
28,69,4,0,-0.008,false
28,70,4,1,0.27,false
28,71,4,2,-0.15,false
28,72,4,2,-0.008,false
28,73,4,3,0.33,false
28,74,4,2,-0.15,false
28,75,4,2,-0.008,false
28,76,4,3,0.33,false
28,77,4,3,-0.008,false
28,78,4,3,-0.008,false
28,79,4,3,-0.008,false
28,80,4,4,1,true
29,0,0,0,-0.008,false
29,1,0,0,-0.008,false
29,2,1,0,0.15,false
29,3,2,0,0.18,false
29,4,3,0,0.21,false
29,5,4,0,0.24,false
29,6,4,0,-0.008,false
29,7,4,0,-0.008,false
29,8,4,0,-0.008,false
29,9,4,0,-0.008,false
29,10,4,0,-0.008,false
29,11,4,0,-0.008,false
29,12,4,0,-0.008,false
29,13,4,0,-0.008,false
29,14,4,0,-0.008,false
29,15,4,0,-0.008,false
29,16,4,0,-0.008,false
29,17,4,0,-0.008,false
29,18,4,0,-0.008,false
29,19,3,0,0.21,false
29,20,4,0,0.24,false
29,21,4,0,-0.008,false
29,22,4,0,-0.008,false
29,23,4,0,-0.008,false
29,24,4,0,-0.008,false
29,25,3,0,0.21,false
29,26,4,0,0.24,false
29,27,4,0,-0.008,false
29,28,4,0,-0.008,false
29,29,4,0,-0.008,false
29,30,4,0,-0.008,false
29,31,4,0,-0.008,false
29,32,4,0,-0.008,false
29,33,4,0,-0.008,false
29,34,4,0,-0.008,false
29,35,4,0,-0.008,false
29,36,4,0,-0.008,false
29,37,4,0,-0.008,false
29,38,4,1,0.27,false
29,39,4,2,-0.15,false
29,40,4,2,-0.008,false
29,41,4,2,-0.008,false
29,42,4,2,-0.008,false
29,43,4,3,0.33,false
29,44,4,3,-0.008,false
29,45,4,3,-0.008,false
29,46,4,2,-0.15,false
29,47,4,2,-0.008,false
29,48,3,2,0.27,false
29,49,4,2,-0.15,false
29,50,3,2,0.27,false
29,51,4,2,-0.15,false
29,52,4,2,-0.008,false
29,53,4,2,-0.008,false
29,54,4,2,-0.008,false
29,55,4,2,-0.008,false
29,56,4,2,-0.008,false
29,57,4,2,-0.008,false
29,58,4,2,-0.008,false
29,59,4,3,0.33,false
29,60,4,3,-0.008,false
29,61,4,4,1,true
30,0,1,0,0.15,false
30,1,2,0,0.18,false
30,2,2,1,0.21,false
30,3,2,1,-0.008,false
30,4,2,1,-0.008,false
30,5,1,1,0.18,false
30,6,2,1,0.21,false
30,7,1,1,0.18,false
30,8,2,1,0.21,false
30,9,2,1,-0.008,false
30,10,2,1,-0.008,false
30,11,2,1,-0.008,false
30,12,2,1,-0.008,false
30,13,2,1,-0.008,false
30,14,2,1,-0.008,false
30,15,2,1,-0.008,false
30,16,2,1,-0.008,false
30,17,2,1,-0.008,false
30,18,2,1,-0.008,false
30,19,1,1,0.18,false
30,20,2,1,0.21,false
30,21,2,1,-0.008,false
30,22,2,1,-0.008,false
30,23,2,0,0.18,false
30,24,3,0,0.21,false
30,25,4,0,0.24,false
30,26,4,1,0.27,false
30,27,4,2,-0.15,false
30,28,4,2,-0.008,false
30,29,4,2,-0.008,false
30,30,4,3,0.33,false
30,31,4,3,-0.008,false
30,32,4,3,-0.008,false
30,33,4,3,-0.008,false
30,34,4,3,-0.008,false
30,35,4,3,-0.008,false
30,36,4,2,-0.15,false
30,37,4,3,0.33,false
30,38,4,4,1,true
31,0,1,0,0.15,false
31,1,1,1,0.18,false
31,2,1,0,0.15,false
31,3,1,0,-0.008,false
31,4,2,0,0.18,false
31,5,2,1,0.21,false
31,6,2,1,-0.008,false
31,7,2,1,-0.008,false
31,8,2,1,-0.008,false
31,9,2,0,0.18,false
31,10,3,0,0.21,false
31,11,4,0,0.24,false
31,12,4,0,-0.008,false
31,13,3,0,0.21,false
31,14,3,0,-0.008,false
31,15,2,0,0.18,false
31,16,2,1,0.21,false
31,17,2,1,-0.008,false
31,18,2,0,0.18,false
31,19,3,0,0.21,false
31,20,4,0,0.24,false
31,21,4,0,-0.008,false
31,22,4,0,-0.008,false
31,23,4,0,-0.008,false
31,24,4,0,-0.008,false
31,25,4,0,-0.008,false
31,26,4,0,-0.008,false
31,27,4,0,-0.008,false
31,28,4,0,-0.008,false
31,29,4,0,-0.008,false
31,30,4,0,-0.008,false
31,31,4,0,-0.008,false
31,32,3,0,0.21,false
31,33,3,0,-0.008,false
31,34,4,0,0.24,false
31,35,4,0,-0.008,false
31,36,4,0,-0.008,false
31,37,4,0,-0.008,false
31,38,4,0,-0.008,false
31,39,4,0,-0.008,false
31,40,4,0,-0.008,false
31,41,4,0,-0.008,false
31,42,4,0,-0.008,false
31,43,4,0,-0.008,false
31,44,4,1,0.27,false
31,45,4,2,-0.15,false
31,46,4,2,-0.008,false
31,47,4,1,0.27,false
31,48,4,1,-0.008,false
31,49,4,1,-0.008,false
31,50,4,1,-0.008,false
31,51,4,1,-0.008,false
31,52,4,1,-0.008,false
31,53,4,1,-0.008,false
31,54,4,1,-0.008,false
31,55,4,1,-0.008,false
31,56,4,1,-0.008,false
31,57,4,1,-0.008,false
31,58,4,1,-0.008,false
31,59,4,1,-0.008,false
31,60,4,1,-0.008,false
31,61,4,1,-0.008,false
31,62,4,1,-0.008,false
31,63,4,1,-0.008,false
31,64,4,1,-0.008,false
31,65,4,2,-0.15,false
31,66,3,2,0.27,false
31,67,4,2,-0.15,false
31,68,4,3,0.33,false
31,69,4,3,-0.008,false
31,70,3,3,-0.15,false
31,71,4,3,0.33,false
31,72,4,3,-0.008,false
31,73,4,3,-0.008,false
31,74,4,3,-0.008,false
31,75,4,3,-0.008,false
31,76,4,3,-0.008,false
31,77,4,3,-0.008,false
31,78,3,3,-0.15,false
31,79,4,3,0.33,false
31,80,4,3,-0.008,false
31,81,4,3,-0.008,false
31,82,4,3,-0.008,false
31,83,4,3,-0.008,false
31,84,4,3,-0.008,false
31,85,4,3,-0.008,false
31,86,4,3,-0.008,false
31,87,4,3,-0.008,false
31,88,4,3,-0.008,false
31,89,3,3,-0.15,false
31,90,4,3,0.33,false
31,91,4,2,-0.15,false
31,92,4,2,-0.008,false
31,93,4,1,0.27,false
31,94,4,0,0.24,false
31,95,4,0,-0.008,false
31,96,4,1,0.27,false
31,97,4,1,-0.008,false
31,98,4,0,0.24,false
31,99,4,0,-0.008,false
32,0,0,1,0.15,false
32,1,1,1,0.18,false
32,2,2,1,0.21,false
32,3,2,1,-0.008,false
32,4,2,1,-0.008,false
32,5,2,1,-0.008,false
32,6,2,1,-0.008,false
32,7,2,1,-0.008,false
32,8,2,1,-0.008,false
32,9,2,0,0.18,false
32,10,3,0,0.21,false
32,11,4,0,0.24,false
32,12,4,0,-0.008,false
32,13,4,0,-0.008,false
32,14,4,0,-0.008,false
32,15,4,0,-0.008,false
32,16,3,0,0.21,false
32,17,4,0,0.24,false
32,18,4,0,-0.008,false
32,19,4,1,0.27,false
32,20,4,1,-0.008,false
32,21,4,1,-0.008,false
32,22,4,2,-0.15,false
32,23,4,2,-0.008,false
32,24,3,2,0.27,false
32,25,4,2,-0.15,false
32,26,4,2,-0.008,false
32,27,4,2,-0.008,false
32,28,4,2,-0.008,false
32,29,4,2,-0.008,false
32,30,4,2,-0.008,false
32,31,4,1,0.27,false
32,32,4,1,-0.008,false
32,33,4,1,-0.008,false
32,34,4,1,-0.008,false
32,35,4,1,-0.008,false
32,36,4,1,-0.008,false
32,37,4,1,-0.008,false
32,38,4,1,-0.008,false
32,39,4,2,-0.15,false
32,40,4,2,-0.008,false
32,41,4,2,-0.008,false
32,42,4,2,-0.008,false
32,43,4,2,-0.008,false
32,44,4,2,-0.008,false
32,45,4,3,0.33,false
32,46,4,4,1,true
33,0,1,0,0.15,false
33,1,1,1,0.18,false
33,2,1,0,0.15,false
33,3,1,1,0.18,false
33,4,2,1,0.21,false
33,5,1,1,0.18,false
33,6,0,1,0.15,false
33,7,0,1,-0.008,false
33,8,1,1,0.18,false
33,9,1,0,0.15,false
33,10,0,0,0.12,false
33,11,0,1,0.15,false
33,12,1,1,0.18,false
33,13,1,1,-0.008,false
33,14,2,1,0.21,false
33,15,2,1,-0.008,false
33,16,2,1,-0.008,false
33,17,2,1,-0.008,false
33,18,2,1,-0.008,false
33,19,2,1,-0.008,false
33,20,2,1,-0.008,false
33,21,2,1,-0.008,false
33,22,2,1,-0.008,false
33,23,2,1,-0.008,false
33,24,2,1,-0.008,false
33,25,2,1,-0.008,false
33,26,2,0,0.18,false
33,27,2,1,0.21,false
33,28,2,1,-0.008,false
33,29,2,1,-0.008,false
33,30,2,1,-0.008,false
33,31,2,1,-0.008,false
33,32,2,1,-0.008,false
33,33,2,1,-0.008,false
33,34,2,1,-0.008,false
33,35,2,1,-0.008,false
33,36,2,1,-0.008,false
33,37,2,0,0.18,false
33,38,3,0,0.21,false
33,39,2,0,0.18,false
33,40,3,0,0.21,false
33,41,4,0,0.24,false
33,42,3,0,0.21,false
33,43,4,0,0.24,false
33,44,4,0,-0.008,false
33,45,4,0,-0.008,false
33,46,4,0,-0.008,false
33,47,4,0,-0.008,false
33,48,4,0,-0.008,false
33,49,4,1,0.27,false
33,50,4,1,-0.008,false
33,51,4,2,-0.15,false
33,52,4,2,-0.008,false
33,53,4,2,-0.008,false
33,54,4,2,-0.008,false
33,55,4,2,-0.008,false
33,56,4,2,-0.008,false
33,57,3,2,0.27,false
33,58,3,2,-0.008,false
33,59,3,2,-0.008,false
33,60,4,2,-0.15,false
33,61,4,2,-0.008,false
33,62,4,2,-0.008,false
33,63,4,2,-0.008,false
33,64,4,2,-0.008,false
33,65,4,1,0.27,false
33,66,4,1,-0.008,false
33,67,4,1,-0.008,false
33,68,4,1,-0.008,false
33,69,4,1,-0.008,false
33,70,4,1,-0.008,false
33,71,4,1,-0.008,false
33,72,4,1,-0.008,false
33,73,4,1,-0.008,false
33,74,4,2,-0.15,false
33,75,4,3,0.33,false
33,76,4,3,-0.008,false
33,77,4,3,-0.008,false
33,78,4,3,-0.008,false
33,79,4,3,-0.008,false
33,80,3,3,-0.15,false
33,81,4,3,0.33,false
33,82,4,4,1,true
34,0,1,0,0.15,false
34,1,1,1,0.18,false
34,2,2,1,0.21,false
34,3,2,1,-0.008,false
34,4,2,1,-0.008,false
34,5,2,1,-0.008,false
34,6,2,0,0.18,false
34,7,3,0,0.21,false
34,8,4,0,0.24,false
34,9,4,0,-0.008,false
34,10,3,0,0.21,false
34,11,4,0,0.24,false
34,12,4,0,-0.008,false
34,13,4,0,-0.008,false
34,14,3,0,0.21,false
34,15,4,0,0.24,false
34,16,4,0,-0.008,false
34,17,4,0,-0.008,false
34,18,4,0,-0.008,false
34,19,4,0,-0.008,false
34,20,4,0,-0.008,false
34,21,4,0,-0.008,false
34,22,3,0,0.21,false
34,23,4,0,0.24,false
34,24,4,0,-0.008,false
34,25,3,0,0.21,false
34,26,4,0,0.24,false
34,27,4,0,-0.008,false
34,28,4,0,-0.008,false
34,29,4,0,-0.008,false
34,30,4,0,-0.008,false
34,31,4,0,-0.008,false
34,32,4,0,-0.008,false
34,33,4,0,-0.008,false
34,34,4,1,0.27,false
34,35,4,1,-0.008,false
34,36,4,2,-0.15,false
34,37,4,2,-0.008,false
34,38,4,2,-0.008,false
34,39,4,3,0.33,false
34,40,4,4,1,true
35,0,1,0,0.15,false
35,1,2,0,0.18,false
35,2,3,0,0.21,false
35,3,4,0,0.24,false
35,4,4,0,-0.008,false
35,5,3,0,0.21,false
35,6,4,0,0.24,false
35,7,4,0,-0.008,false
35,8,4,0,-0.008,false
35,9,4,0,-0.008,false
35,10,3,0,0.21,false
35,11,4,0,0.24,false
35,12,4,0,-0.008,false
35,13,4,1,0.27,false
35,14,4,2,-0.15,false
35,15,4,2,-0.008,false
35,16,4,1,0.27,false
35,17,4,1,-0.008,false
35,18,4,1,-0.008,false
35,19,4,0,0.24,false
35,20,4,0,-0.008,false
35,21,4,0,-0.008,false
35,22,4,0,-0.008,false
35,23,4,0,-0.008,false
35,24,3,0,0.21,false
35,25,3,0,-0.008,false
35,26,4,0,0.24,false
35,27,4,0,-0.008,false
35,28,4,0,-0.008,false
35,29,4,0,-0.008,false
35,30,4,0,-0.008,false
35,31,4,0,-0.008,false
35,32,4,0,-0.008,false
35,33,4,1,0.27,false
35,34,4,1,-0.008,false
35,35,4,1,-0.008,false
35,36,4,2,-0.15,false
35,37,4,2,-0.008,false
35,38,4,1,0.27,false
35,39,4,1,-0.008,false
35,40,4,1,-0.008,false
35,41,4,1,-0.008,false
35,42,4,2,-0.15,false
35,43,4,1,0.27,false
35,44,4,1,-0.008,false
35,45,4,0,0.24,false
35,46,4,1,0.27,false
35,47,4,1,-0.008,false
35,48,4,1,-0.008,false
35,49,4,1,-0.008,false
35,50,4,1,-0.008,false
35,51,4,0,0.24,false
35,52,4,0,-0.008,false
35,53,4,0,-0.008,false
35,54,4,0,-0.008,false
35,55,3,0,0.21,false
35,56,4,0,0.24,false
35,57,4,0,-0.008,false
35,58,4,0,-0.008,false
35,59,4,0,-0.008,false
35,60,4,1,0.27,false
35,61,4,1,-0.008,false
35,62,4,1,-0.008,false
35,63,4,0,0.24,false
35,64,4,0,-0.008,false
35,65,4,0,-0.008,false
35,66,3,0,0.21,false
35,67,4,0,0.24,false
35,68,4,0,-0.008,false
35,69,4,0,-0.008,false
35,70,4,0,-0.008,false
35,71,4,0,-0.008,false
35,72,4,0,-0.008,false
35,73,4,0,-0.008,false
35,74,4,0,-0.008,false
35,75,4,0,-0.008,false
35,76,4,0,-0.008,false
35,77,4,0,-0.008,false
35,78,4,0,-0.008,false
35,79,4,0,-0.008,false
35,80,4,1,0.27,false
35,81,4,1,-0.008,false
35,82,4,1,-0.008,false
35,83,4,1,-0.008,false
35,84,4,2,-0.15,false
35,85,4,3,0.33,false
35,86,4,2,-0.15,false
35,87,4,2,-0.008,false
35,88,4,2,-0.008,false
35,89,4,2,-0.008,false
35,90,4,2,-0.008,false
35,91,4,2,-0.008,false
35,92,4,1,0.27,false
35,93,4,1,-0.008,false
35,94,4,2,-0.15,false
35,95,4,2,-0.008,false
35,96,4,2,-0.008,false
35,97,4,2,-0.008,false
35,98,4,3,0.33,false
35,99,4,3,-0.008,false
36,0,1,0,0.15,false
36,1,2,0,0.18,false
36,2,3,0,0.21,false
36,3,4,0,0.24,false
36,4,4,0,-0.008,false
36,5,4,0,-0.008,false
36,6,4,0,-0.008,false
36,7,3,0,0.21,false
36,8,4,0,0.24,false
36,9,3,0,0.21,false
36,10,4,0,0.24,false
36,11,3,0,0.21,false
36,12,4,0,0.24,false
36,13,4,0,-0.008,false
36,14,4,0,-0.008,false
36,15,4,0,-0.008,false
36,16,4,0,-0.008,false
36,17,3,0,0.21,false
36,18,4,0,0.24,false
36,19,4,0,-0.008,false
36,20,3,0,0.21,false
36,21,4,0,0.24,false
36,22,4,0,-0.008,false
36,23,4,0,-0.008,false
36,24,4,0,-0.008,false
36,25,4,0,-0.008,false
36,26,4,0,-0.008,false
36,27,4,1,0.27,false
36,28,4,1,-0.008,false
36,29,4,1,-0.008,false
36,30,4,1,-0.008,false
36,31,4,1,-0.008,false
36,32,4,1,-0.008,false
36,33,4,1,-0.008,false
36,34,4,0,0.24,false
36,35,4,0,-0.008,false
36,36,4,0,-0.008,false
36,37,4,0,-0.008,false
36,38,4,0,-0.008,false
36,39,4,0,-0.008,false
36,40,4,0,-0.008,false
36,41,4,0,-0.008,false
36,42,4,0,-0.008,false
36,43,4,0,-0.008,false
36,44,4,0,-0.008,false
36,45,4,0,-0.008,false
36,46,3,0,0.21,false
36,47,2,0,0.18,false
36,48,3,0,0.21,false
36,49,4,0,0.24,false
36,50,4,0,-0.008,false
36,51,4,0,-0.008,false
36,52,4,1,0.27,false
36,53,4,1,-0.008,false
36,54,4,2,-0.15,false
36,55,4,1,0.27,false
36,56,4,2,-0.15,false
36,57,4,2,-0.008,false
36,58,4,3,0.33,false
36,59,4,3,-0.008,false
36,60,4,3,-0.008,false
36,61,4,2,-0.15,false
36,62,4,2,-0.008,false
36,63,4,2,-0.008,false
36,64,4,2,-0.008,false
36,65,3,2,0.27,false
36,66,4,2,-0.15,false
36,67,4,2,-0.008,false
36,68,4,2,-0.008,false
36,69,4,2,-0.008,false
36,70,4,2,-0.008,false
36,71,4,2,-0.008,false
36,72,4,2,-0.008,false
36,73,4,2,-0.008,false
36,74,4,2,-0.008,false
36,75,4,2,-0.008,false
36,76,4,2,-0.008,false
36,77,4,2,-0.008,false
36,78,4,2,-0.008,false
36,79,4,2,-0.008,false
36,80,4,3,0.33,false
36,81,4,3,-0.008,false
36,82,4,3,-0.008,false
36,83,4,4,1,true
37,0,1,0,0.15,false
37,1,1,0,-0.008,false
37,2,0,0,0.12,false
37,3,1,0,0.15,false
37,4,2,0,0.18,false
37,5,1,0,0.15,false
37,6,2,0,0.18,false
37,7,3,0,0.21,false
37,8,4,0,0.24,false
37,9,4,0,-0.008,false
37,10,4,0,-0.008,false
37,11,4,0,-0.008,false
37,12,4,0,-0.008,false
37,13,4,0,-0.008,false
37,14,4,0,-0.008,false
37,15,4,1,0.27,false
37,16,4,1,-0.008,false
37,17,4,1,-0.008,false
37,18,4,1,-0.008,false
37,19,4,1,-0.008,false
37,20,4,1,-0.008,false
37,21,4,1,-0.008,false
37,22,4,1,-0.008,false
37,23,4,1,-0.008,false
37,24,4,1,-0.008,false
37,25,4,1,-0.008,false
37,26,4,0,0.24,false
37,27,3,0,0.21,false
37,28,4,0,0.24,false
37,29,4,0,-0.008,false
37,30,4,1,0.27,false
37,31,4,1,-0.008,false
37,32,4,2,-0.15,false
37,33,4,2,-0.008,false
37,34,4,2,-0.008,false
37,35,3,2,0.27,false
37,36,3,2,-0.008,false
37,37,3,3,-0.15,false
37,38,3,4,0.33,false
37,39,4,4,1,true
38,0,1,0,0.15,false
38,1,2,0,0.18,false
38,2,3,0,0.21,false
38,3,4,0,0.24,false
38,4,4,0,-0.008,false
38,5,4,1,0.27,false
38,6,4,1,-0.008,false
38,7,4,1,-0.008,false
38,8,4,0,0.24,false
38,9,4,0,-0.008,false
38,10,4,0,-0.008,false
38,11,4,0,-0.008,false
38,12,3,0,0.21,false
38,13,4,0,0.24,false
38,14,4,0,-0.008,false
38,15,4,0,-0.008,false
38,16,4,0,-0.008,false
38,17,3,0,0.21,false
38,18,3,0,-0.008,false
38,19,3,0,-0.008,false
38,20,2,0,0.18,false
38,21,3,0,0.21,false
38,22,4,0,0.24,false
38,23,4,0,-0.008,false
38,24,4,0,-0.008,false
38,25,4,0,-0.008,false
38,26,4,0,-0.008,false
38,27,4,0,-0.008,false
38,28,3,0,0.21,false
38,29,4,0,0.24,false
38,30,4,1,0.27,false
38,31,4,1,-0.008,false
38,32,4,1,-0.008,false
38,33,4,2,-0.15,false
38,34,4,2,-0.008,false
38,35,4,2,-0.008,false
38,36,4,2,-0.008,false
38,37,4,1,0.27,false
38,38,4,1,-0.008,false
38,39,4,1,-0.008,false
38,40,4,1,-0.008,false
38,41,4,1,-0.008,false
38,42,4,1,-0.008,false
38,43,4,1,-0.008,false
38,44,4,2,-0.15,false
38,45,4,2,-0.008,false
38,46,4,2,-0.008,false
38,47,4,2,-0.008,false
38,48,4,2,-0.008,false
38,49,4,3,0.33,false
38,50,4,3,-0.008,false
38,51,4,2,-0.15,false
38,52,4,2,-0.008,false
38,53,4,1,0.27,false
38,54,4,1,-0.008,false
38,55,4,1,-0.008,false
38,56,4,1,-0.008,false
38,57,4,1,-0.008,false
38,58,4,1,-0.008,false
38,59,4,1,-0.008,false
38,60,4,0,0.24,false
38,61,4,1,0.27,false
38,62,4,0,0.24,false
38,63,3,0,0.21,false
38,64,3,0,-0.008,false
38,65,4,0,0.24,false
38,66,3,0,0.21,false
38,67,2,0,0.18,false
38,68,3,0,0.21,false
38,69,4,0,0.24,false
38,70,4,0,-0.008,false
38,71,4,0,-0.008,false
38,72,4,0,-0.008,false
38,73,3,0,0.21,false
38,74,4,0,0.24,false
38,75,3,0,0.21,false
38,76,4,0,0.24,false
38,77,4,0,-0.008,false
38,78,4,0,-0.008,false
38,79,4,0,-0.008,false
38,80,3,0,0.21,false
38,81,4,0,0.24,false
38,82,4,1,0.27,false
38,83,4,1,-0.008,false
38,84,4,1,-0.008,false
38,85,4,1,-0.008,false
38,86,4,1,-0.008,false
38,87,4,1,-0.008,false
38,88,4,1,-0.008,false
38,89,4,1,-0.008,false
38,90,4,2,-0.15,false
38,91,4,2,-0.008,false
38,92,4,2,-0.008,false
38,93,4,3,0.33,false
38,94,4,3,-0.008,false
38,95,3,3,-0.15,false
38,96,4,3,0.33,false
38,97,4,3,-0.008,false
38,98,4,3,-0.008,false
38,99,4,3,-0.008,false
39,0,0,0,-0.008,false
39,1,1,0,0.15,false
39,2,2,0,0.18,false
39,3,2,1,0.21,false
39,4,2,1,-0.008,false
39,5,2,1,-0.008,false
39,6,2,1,-0.008,false
39,7,2,1,-0.008,false
39,8,2,1,-0.008,false
39,9,1,1,0.18,false
39,10,1,0,0.15,false
39,11,2,0,0.18,false
39,12,3,0,0.21,false
39,13,4,0,0.24,false
39,14,4,1,0.27,false
39,15,4,1,-0.008,false
39,16,4,2,-0.15,false
39,17,4,2,-0.008,false
39,18,4,2,-0.008,false
39,19,4,2,-0.008,false
39,20,4,2,-0.008,false
39,21,4,2,-0.008,false
39,22,4,2,-0.008,false
39,23,3,2,0.27,false
39,24,4,2,-0.15,false
39,25,4,2,-0.008,false
39,26,4,1,0.27,false
39,27,4,1,-0.008,false
39,28,4,1,-0.008,false
39,29,4,1,-0.008,false
39,30,4,1,-0.008,false
39,31,4,1,-0.008,false
39,32,4,1,-0.008,false
39,33,4,0,0.24,false
39,34,4,0,-0.008,false
39,35,4,0,-0.008,false
39,36,3,0,0.21,false
39,37,3,0,-0.008,false
39,38,4,0,0.24,false
39,39,4,0,-0.008,false
39,40,4,0,-0.008,false
39,41,3,0,0.21,false
39,42,3,0,-0.008,false
39,43,3,0,-0.008,false
39,44,4,0,0.24,false
39,45,4,0,-0.008,false
39,46,4,0,-0.008,false
39,47,4,1,0.27,false
39,48,4,1,-0.008,false
39,49,4,1,-0.008,false
39,50,4,1,-0.008,false
39,51,4,1,-0.008,false
39,52,4,1,-0.008,false
39,53,4,1,-0.008,false
39,54,4,1,-0.008,false
39,55,4,1,-0.008,false
39,56,4,1,-0.008,false
39,57,4,1,-0.008,false
39,58,4,1,-0.008,false
39,59,4,1,-0.008,false
39,60,4,2,-0.15,false
39,61,3,2,0.27,false
39,62,3,3,-0.15,false
39,63,4,3,0.33,false
39,64,3,3,-0.15,false
39,65,4,3,0.33,false
39,66,4,3,-0.008,false
39,67,4,3,-0.008,false
39,68,4,3,-0.008,false
39,69,4,3,-0.008,false
39,70,4,3,-0.008,false
39,71,4,2,-0.15,false
39,72,4,2,-0.008,false
39,73,4,2,-0.008,false
39,74,3,2,0.27,false
39,75,4,2,-0.15,false
39,76,4,2,-0.008,false
39,77,4,2,-0.008,false
39,78,4,1,0.27,false
39,79,4,2,-0.15,false
39,80,4,2,-0.008,false
39,81,4,2,-0.008,false
39,82,4,2,-0.008,false
39,83,4,2,-0.008,false
39,84,4,2,-0.008,false
39,85,4,2,-0.008,false
39,86,4,3,0.33,false
39,87,4,3,-0.008,false
39,88,4,3,-0.008,false
39,89,4,4,1,true
